sample_col_name,INDEX,FILE_NAME,FILE_CODE,SAMPLE_NAME,LABEL,SEQUENCE,sample_type,batch_id,group_label
001 / burnin,1,20200306_ecoli_4GHz_0001.d,20200320153438786-2492331,burnin1,burnin,P001:001 seq1 control,burnin,Batch7_0306 DATA,burnin
002 / burnin,2,20200306_ecoli_4GHz_0002.d,20200320153439999-2492332,burnin2,burnin,P001:002 seq1 control,burnin,Batch7_0306 DATA,burnin
003 / burnin,3,20200306_ecoli_4GHz_0003.d,20200320153441151-2492333,burnin3,burnin,P001:003 seq1 control,burnin,Batch7_0306 DATA,burnin
004 / burnin,4,20200306_ecoli_4GHz_0004.d,20200320153442294-2492334,burnin4,burnin,P001:004 seq1 control,burnin,Batch7_0306 DATA,burnin
005 / burnin,5,20200306_ecoli_4GHz_0005.d,20200320153443355-2492335,burnin5,burnin,P001:005 seq1 control,burnin,Batch7_0306 DATA,burnin
006 / water,6,20200306_ecoli_4GHz_0006.d,20200320153444411-2492336,ctrl_p01_c1,water,P001:006 seq1 control,water,Batch7_0306 DATA,water
007 / water,7,20200306_ecoli_4GHz_0007.d,20200320153445547-2492337,ctrl_p01_c2,water,P001:007 seq1 control,water,Batch7_0306 DATA,water
008 / P1_PP_0001,8,20200306_ecoli_4GHz_0008.d,20200320153446528-2492338,20200306_Plate1_071,P1_PP_0001,P001:008 seq1,formal_or_unknown,Batch7_0306 DATA,P1_PP_0001
009 / P1_PP_0001,9,20200306_ecoli_4GHz_0009.d,20200320153447753-2492339,20200306_Plate1_071,P1_PP_0001,P001:009 seq1,formal_or_unknown,Batch7_0306 DATA,P1_PP_0001
010 / P1_PP_0001,10,20200306_ecoli_4GHz_0010.d,20200320153449204-2492340,20200306_Plate1_071,P1_PP_0001,P001:010 seq1,formal_or_unknown,Batch7_0306 DATA,P1_PP_0001
011 / water,11,20200306_ecoli_4GHz_0011.d,20200320153450254-2492341,ctrl_p01_c1,water,P001:011 seq1 control,water,Batch7_0306 DATA,water
012 / water,12,20200306_ecoli_4GHz_0012.d,20200320153451367-2492342,ctrl_p01_c2,water,P001:012 seq1 control,water,Batch7_0306 DATA,water
013 / P1_Bio_0008,13,20200306_ecoli_4GHz_0013.d,20200320153452464-2492343,20200306_Plate1_032,P1_Bio_0008,P001:013 seq1,formal_or_unknown,Batch7_0306 DATA,P1_Bio_0008
014 / P1_Bio_0008,14,20200306_ecoli_4GHz_0014.d,20200320153453628-2492344,20200306_Plate1_032,P1_Bio_0008,P001:014 seq1,formal_or_unknown,Batch7_0306 DATA,P1_Bio_0008
015 / P1_Bio_0008,15,20200306_ecoli_4GHz_0015.d,20200320153454920-2492345,20200306_Plate1_032,P1_Bio_0008,P001:015 seq1,formal_or_unknown,Batch7_0306 DATA,P1_Bio_0008
016 / water,16,20200306_ecoli_4GHz_0016.d,20200320153456068-2492346,ctrl_p01_c1,water,P001:016 seq1 control,water,Batch7_0306 DATA,water
017 / water,17,20200306_ecoli_4GHz_0017.d,20200320153457179-2492347,ctrl_p01_c2,water,P001:017 seq1 control,water,Batch7_0306 DATA,water
018 / P1_PP_0128,18,20200306_ecoli_4GHz_0018.d,20200320153458303-2492348,20200306_Plate1_079,P1_PP_0128,P001:018 seq1,formal_or_unknown,Batch7_0306 DATA,P1_PP_0128
019 / P1_PP_0128,19,20200306_ecoli_4GHz_0019.d,20200320153459440-2492349,20200306_Plate1_079,P1_PP_0128,P001:019 seq1,formal_or_unknown,Batch7_0306 DATA,P1_PP_0128
020 / P1_PP_0128,20,20200306_ecoli_4GHz_0020.d,20200320153500506-2492350,20200306_Plate1_079,P1_PP_0128,P001:020 seq1,formal_or_unknown,Batch7_0306 DATA,P1_PP_0128
021 / water,21,20200306_ecoli_4GHz_0021.d,20200320153501645-2492351,ctrl_p01_c1,water,P001:021 seq1 control,water,Batch7_0306 DATA,water
022 / P1_FA_0032,22,20200306_ecoli_4GHz_0022.d,20200320153502770-2492352,20200306_Plate1_062,P1_FA_0032,P001:023 seq1,formal_or_unknown,Batch7_0306 DATA,P1_FA_0032
023 / P1_FA_0032,23,20200306_ecoli_4GHz_0023.d,20200320153503787-2492353,20200306_Plate1_062,P1_FA_0032,P001:024 seq1,formal_or_unknown,Batch7_0306 DATA,P1_FA_0032
024 / P1_FA_0032,24,20200306_ecoli_4GHz_0024.d,20200320153504903-2492354,20200306_Plate1_062,P1_FA_0032,P001:025 seq1,formal_or_unknown,Batch7_0306 DATA,P1_FA_0032
025 / water,25,20200306_ecoli_4GHz_0025.d,20200320153505960-2492355,ctrl_p01_c1,water,P001:026 seq1 control,water,Batch7_0306 DATA,water
026 / water,26,20200306_ecoli_4GHz_0026.d,20200320153507068-2492356,ctrl_p01_c2,water,P001:027 seq1 control,water,Batch7_0306 DATA,water
027 / P1_Bio_2048,27,20200306_ecoli_4GHz_0027.d,20200320153508218-2492357,20200306_Plate1_041,P1_Bio_2048,P001:028 seq1,formal_or_unknown,Batch7_0306 DATA,P1_Bio_2048
028 / P1_Bio_2048,28,20200306_ecoli_4GHz_0028.d,20200320153509306-2492358,20200306_Plate1_041,P1_Bio_2048,P001:029 seq1,formal_or_unknown,Batch7_0306 DATA,P1_Bio_2048
029 / P1_Bio_2048,29,20200306_ecoli_4GHz_0029.d,20200320153510475-2492359,20200306_Plate1_041,P1_Bio_2048,P001:030 seq1,formal_or_unknown,Batch7_0306 DATA,P1_Bio_2048
030 / water,30,20200306_ecoli_4GHz_0030.d,20200320153511599-2492360,ctrl_p01_c1,water,P001:036 seq1 control,water,Batch7_0306 DATA,water
031 / water,31,20200306_ecoli_4GHz_0031.d,20200320153512717-2492361,ctrl_p01_c2,water,P001:037 seq1 control,water,Batch7_0306 DATA,water
032 / P1_AA_0016,32,20200306_ecoli_4GHz_0032.d,20200320153513788-2492362,20200306_Plate1_047,P1_AA_0016,P001:038 seq1,formal_or_unknown,Batch7_0306 DATA,P1_AA_0016
033 / P1_AA_0016,33,20200306_ecoli_4GHz_0033.d,20200320153514947-2492363,20200306_Plate1_047,P1_AA_0016,P001:039 seq1,formal_or_unknown,Batch7_0306 DATA,P1_AA_0016
034 / P1_AA_0016,34,20200306_ecoli_4GHz_0034.d,20200320153516035-2492364,20200306_Plate1_047,P1_AA_0016,P001:040 seq1,formal_or_unknown,Batch7_0306 DATA,P1_AA_0016
035 / water,35,20200306_ecoli_4GHz_0035.d,20200320153517114-2492365,ctrl_p01_c1,water,P001:041 seq1 control,water,Batch7_0306 DATA,water
036 / water,36,20200306_ecoli_4GHz_0036.d,20200320153518201-2492366,ctrl_p01_c2,water,P001:042 seq1 control,water,Batch7_0306 DATA,water
037 / P1_Bio_0064,37,20200306_ecoli_4GHz_0037.d,20200320153519316-2492367,20200306_Plate1_036,P1_Bio_0064,P001:043 seq1,formal_or_unknown,Batch7_0306 DATA,P1_Bio_0064
038 / P1_Bio_0064,38,20200306_ecoli_4GHz_0038.d,20200320153520413-2492368,20200306_Plate1_036,P1_Bio_0064,P001:044 seq1,formal_or_unknown,Batch7_0306 DATA,P1_Bio_0064
039 / P1_Bio_0064,39,20200306_ecoli_4GHz_0039.d,20200320153521550-2492369,20200306_Plate1_036,P1_Bio_0064,P001:045 seq1,formal_or_unknown,Batch7_0306 DATA,P1_Bio_0064
040 / water,40,20200306_ecoli_4GHz_0040.d,20200320153522614-2492370,ctrl_p01_c2,water,P001:047 seq1 control,water,Batch7_0306 DATA,water
041 / P1_FA_0001,41,20200306_ecoli_4GHz_0041.d,20200320153523670-2492371,20200306_Plate1_057,P1_FA_0001,P001:048 seq1,formal_or_unknown,Batch7_0306 DATA,P1_FA_0001
042 / P1_FA_0001,42,20200306_ecoli_4GHz_0042.d,20200320153524821-2492372,20200306_Plate1_057,P1_FA_0001,P001:049 seq1,formal_or_unknown,Batch7_0306 DATA,P1_FA_0001
043 / P1_FA_0001,43,20200306_ecoli_4GHz_0043.d,20200320153525946-2492373,20200306_Plate1_057,P1_FA_0001,P001:050 seq1,formal_or_unknown,Batch7_0306 DATA,P1_FA_0001
044 / water,44,20200306_ecoli_4GHz_0044.d,20200320153527009-2492374,ctrl_p01_c1,water,P001:051 seq1 control,water,Batch7_0306 DATA,water
045 / water,45,20200306_ecoli_4GHz_0045.d,20200320153528165-2492375,ctrl_p01_c2,water,P001:052 seq1 control,water,Batch7_0306 DATA,water
046 / P1_FA_0256,46,20200306_ecoli_4GHz_0046.d,20200320153529343-2492376,20200306_Plate1_066,P1_FA_0256,P001:053 seq1,formal_or_unknown,Batch7_0306 DATA,P1_FA_0256
047 / P1_FA_0256,47,20200306_ecoli_4GHz_0047.d,20200320153530420-2492377,20200306_Plate1_066,P1_FA_0256,P001:054 seq1,formal_or_unknown,Batch7_0306 DATA,P1_FA_0256
048 / P1_FA_0256,48,20200306_ecoli_4GHz_0048.d,20200320153531523-2492378,20200306_Plate1_066,P1_FA_0256,P001:055 seq1,formal_or_unknown,Batch7_0306 DATA,P1_FA_0256
049 / water,49,20200306_ecoli_4GHz_0049.d,20200320153532646-2492379,ctrl_p01_c1,water,P001:056 seq1 control,water,Batch7_0306 DATA,water
050 / P1_Bio_1024,50,20200306_ecoli_4GHz_0050.d,20200320153533772-2492380,20200306_Plate1_040,P1_Bio_1024,P001:058 seq1,formal_or_unknown,Batch7_0306 DATA,P1_Bio_1024
051 / P1_Bio_1024,51,20200306_ecoli_4GHz_0051.d,20200320153534813-2492381,20200306_Plate1_040,P1_Bio_1024,P001:059 seq1,formal_or_unknown,Batch7_0306 DATA,P1_Bio_1024
052 / P1_Bio_1024,52,20200306_ecoli_4GHz_0052.d,20200320153535823-2492382,20200306_Plate1_040,P1_Bio_1024,P001:060 seq1,formal_or_unknown,Batch7_0306 DATA,P1_Bio_1024
053 / P1_Full_0001,53,20200306_ecoli_4GHz_0053.d,20200320153536905-2492383,20200306_Plate1_015,P1_Full_0001,P001:063 seq1,formal_or_unknown,Batch7_0306 DATA,P1_Full_0001
054 / P1_Full_0001,54,20200306_ecoli_4GHz_0054.d,20200320153538061-2492384,20200306_Plate1_015,P1_Full_0001,P001:064 seq1,formal_or_unknown,Batch7_0306 DATA,P1_Full_0001
055 / P1_Full_0001,55,20200306_ecoli_4GHz_0055.d,20200320153539243-2492385,20200306_Plate1_015,P1_Full_0001,P001:065 seq1,formal_or_unknown,Batch7_0306 DATA,P1_Full_0001
056 / water,56,20200306_ecoli_4GHz_0056.d,20200320153540350-2492386,ctrl_p01_c1,water,P001:066 seq1 control,water,Batch7_0306 DATA,water
057 / water,57,20200306_ecoli_4GHz_0057.d,20200320153541445-2492387,ctrl_p01_c2,water,P001:067 seq1 control,water,Batch7_0306 DATA,water
058 / P1_AA_0008,58,20200306_ecoli_4GHz_0058.d,20200320153542507-2492388,20200306_Plate1_046,P1_AA_0008,P001:068 seq1,formal_or_unknown,Batch7_0306 DATA,P1_AA_0008
059 / P1_AA_0008,59,20200306_ecoli_4GHz_0059.d,20200320153543610-2492389,20200306_Plate1_046,P1_AA_0008,P001:069 seq1,formal_or_unknown,Batch7_0306 DATA,P1_AA_0008
060 / P1_AA_0008,60,20200306_ecoli_4GHz_0060.d,20200320153544633-2492390,20200306_Plate1_046,P1_AA_0008,P001:070 seq1,formal_or_unknown,Batch7_0306 DATA,P1_AA_0008
061 / water,61,20200306_ecoli_4GHz_0061.d,20200320153545662-2492391,ctrl_p01_c1,water,P001:071 seq1 control,water,Batch7_0306 DATA,water
062 / water,62,20200306_ecoli_4GHz_0062.d,20200320153546670-2492392,ctrl_p01_c2,water,P001:072 seq1 control,water,Batch7_0306 DATA,water
063 / P1_Full_0256,63,20200306_ecoli_4GHz_0063.d,20200320153547645-2492393,20200306_Plate1_024,P1_Full_0256,P001:073 seq1,formal_or_unknown,Batch7_0306 DATA,P1_Full_0256
064 / P1_Full_0256,64,20200306_ecoli_4GHz_0064.d,20200320153548687-2492394,20200306_Plate1_024,P1_Full_0256,P001:074 seq1,formal_or_unknown,Batch7_0306 DATA,P1_Full_0256
065 / P1_Full_0256,65,20200306_ecoli_4GHz_0065.d,20200320153549768-2492395,20200306_Plate1_024,P1_Full_0256,P001:075 seq1,formal_or_unknown,Batch7_0306 DATA,P1_Full_0256
066 / water,66,20200306_ecoli_4GHz_0066.d,20200320153550770-2492396,ctrl_p01_c1,water,P001:076 seq1 control,water,Batch7_0306 DATA,water
067 / P1_Bio_0128,67,20200306_ecoli_4GHz_0067.d,20200320153551865-2492397,20200306_Plate1_037,P1_Bio_0128,P001:078 seq1,formal_or_unknown,Batch7_0306 DATA,P1_Bio_0128
068 / P1_Bio_0128,68,20200306_ecoli_4GHz_0068.d,20200320153552905-2492398,20200306_Plate1_037,P1_Bio_0128,P001:079 seq1,formal_or_unknown,Batch7_0306 DATA,P1_Bio_0128
069 / P1_Bio_0128,69,20200306_ecoli_4GHz_0069.d,20200320153553956-2492399,20200306_Plate1_037,P1_Bio_0128,P001:080 seq1,formal_or_unknown,Batch7_0306 DATA,P1_Bio_0128
070 / water,70,20200306_ecoli_4GHz_0070.d,20200320153554960-2492400,ctrl_p01_c1,water,P001:081 seq1 control,water,Batch7_0306 DATA,water
071 / P1_SRM_0256,71,20200306_ecoli_4GHz_0071.d,20200320153555964-2492401,20200306_Plate1_010,P1_SRM_0256,P001:083 seq1,srm,Batch7_0306 DATA,P1_SRM_0256
072 / P1_SRM_0256,72,20200306_ecoli_4GHz_0072.d,20200320153556984-2492402,20200306_Plate1_010,P1_SRM_0256,P001:084 seq1,srm,Batch7_0306 DATA,P1_SRM_0256
073 / P1_SRM_0256,73,20200306_ecoli_4GHz_0073.d,20200320153558040-2492403,20200306_Plate1_010,P1_SRM_0256,P001:085 seq1,srm,Batch7_0306 DATA,P1_SRM_0256
074 / water,74,20200306_ecoli_4GHz_0074.d,20200320153559088-2492404,ctrl_p01_c1,water,P001:086 seq1 control,water,Batch7_0306 DATA,water
075 / water,75,20200306_ecoli_4GHz_0075.d,20200320153600184-2492405,ctrl_p01_c1,water,P001:101 seq1 control,water,Batch7_0306 DATA,water
076 / water,76,20200306_ecoli_4GHz_0076.d,20200320153601344-2492406,ctrl_p01_c2,water,P001:102 seq1 control,water,Batch7_0306 DATA,water
077 / P1_SRM_0032,77,20200306_ecoli_4GHz_0077.d,20200320153602375-2492407,20200306_Plate1_006,P1_SRM_0032,P001:103 seq1,srm,Batch7_0306 DATA,P1_SRM_0032
078 / P1_SRM_0032,78,20200306_ecoli_4GHz_0078.d,20200320153603517-2492408,20200306_Plate1_006,P1_SRM_0032,P001:104 seq1,srm,Batch7_0306 DATA,P1_SRM_0032
079 / P1_SRM_0032,79,20200306_ecoli_4GHz_0079.d,20200320153604676-2492409,20200306_Plate1_006,P1_SRM_0032,P001:105 seq1,srm,Batch7_0306 DATA,P1_SRM_0032
080 / water,80,20200306_ecoli_4GHz_0080.d,20200320153605785-2492410,ctrl_p01_c1,water,P001:106 seq1 control,water,Batch7_0306 DATA,water
081 / water,81,20200306_ecoli_4GHz_0081.d,20200320153606866-2492411,ctrl_p01_c2,water,P001:107 seq1 control,water,Batch7_0306 DATA,water
082 / P1_FA_0002,82,20200306_ecoli_4GHz_0082.d,20200320153607976-2492412,20200306_Plate1_058,P1_FA_0002,P001:108 seq1,formal_or_unknown,Batch7_0306 DATA,P1_FA_0002
083 / P1_FA_0002,83,20200306_ecoli_4GHz_0083.d,20200320153609029-2492413,20200306_Plate1_058,P1_FA_0002,P001:109 seq1,formal_or_unknown,Batch7_0306 DATA,P1_FA_0002
084 / P1_FA_0002,84,20200306_ecoli_4GHz_0084.d,20200320153610049-2492414,20200306_Plate1_058,P1_FA_0002,P001:110 seq1,formal_or_unknown,Batch7_0306 DATA,P1_FA_0002
085 / water,85,20200306_ecoli_4GHz_0085.d,20200320153611209-2492415,ctrl_p01_c1,water,P001:111 seq1 control,water,Batch7_0306 DATA,water
086 / water,86,20200306_ecoli_4GHz_0086.d,20200320153612338-2492416,ctrl_p01_c2,water,P001:112 seq1 control,water,Batch7_0306 DATA,water
087 / P1_Bio_0512,87,20200306_ecoli_4GHz_0087.d,20200320153613481-2492417,20200306_Plate1_039,P1_Bio_0512,P001:113 seq1,formal_or_unknown,Batch7_0306 DATA,P1_Bio_0512
088 / P1_Bio_0512,88,20200306_ecoli_4GHz_0088.d,20200320153614555-2492418,20200306_Plate1_039,P1_Bio_0512,P001:114 seq1,formal_or_unknown,Batch7_0306 DATA,P1_Bio_0512
089 / P1_Bio_0512,89,20200306_ecoli_4GHz_0089.d,20200320153615713-2492419,20200306_Plate1_039,P1_Bio_0512,P001:115 seq1,formal_or_unknown,Batch7_0306 DATA,P1_Bio_0512
090 / water,90,20200306_ecoli_4GHz_0090.d,20200320153616947-2492420,ctrl_p01_c2,water,P001:117 seq1 control,water,Batch7_0306 DATA,water
091 / P1_Full_1024,91,20200306_ecoli_4GHz_0091.d,20200320153617966-2492421,20200306_Plate1_026,P1_Full_1024,P001:118 seq1,formal_or_unknown,Batch7_0306 DATA,P1_Full_1024
092 / P1_Full_1024,92,20200306_ecoli_4GHz_0092.d,20200320153618994-2492422,20200306_Plate1_026,P1_Full_1024,P001:119 seq1,formal_or_unknown,Batch7_0306 DATA,P1_Full_1024
093 / P1_Full_1024,93,20200306_ecoli_4GHz_0093.d,20200320153620035-2492423,20200306_Plate1_026,P1_Full_1024,P001:120 seq1,formal_or_unknown,Batch7_0306 DATA,P1_Full_1024
094 / P1_Full_0002,94,20200306_ecoli_4GHz_0094.d,20200320153621098-2492424,20200306_Plate1_016,P1_Full_0002,P001:123 seq1,formal_or_unknown,Batch7_0306 DATA,P1_Full_0002
095 / P1_Full_0002,95,20200306_ecoli_4GHz_0095.d,20200320153622175-2492425,20200306_Plate1_016,P1_Full_0002,P001:124 seq1,formal_or_unknown,Batch7_0306 DATA,P1_Full_0002
096 / P1_Full_0002,96,20200306_ecoli_4GHz_0096.d,20200320153623287-2492426,20200306_Plate1_016,P1_Full_0002,P001:125 seq1,formal_or_unknown,Batch7_0306 DATA,P1_Full_0002
097 / water,97,20200306_ecoli_4GHz_0097.d,20200320153624291-2492427,ctrl_p01_c1,water,P001:126 seq1 control,water,Batch7_0306 DATA,water
098 / water,98,20200306_ecoli_4GHz_0098.d,20200320153625318-2492428,ctrl_p01_c2,water,P001:127 seq1 control,water,Batch7_0306 DATA,water
099 / P1_PP_0008,99,20200306_ecoli_4GHz_0099.d,20200320153626344-2492429,20200306_Plate1_074,P1_PP_0008,P001:128 seq1,formal_or_unknown,Batch7_0306 DATA,P1_PP_0008
100 / P1_PP_0008,100,20200306_ecoli_4GHz_0100.d,20200320153627398-2492430,20200306_Plate1_074,P1_PP_0008,P001:129 seq1,formal_or_unknown,Batch7_0306 DATA,P1_PP_0008
101 / P1_PP_0008,101,20200306_ecoli_4GHz_0101.d,20200320153628440-2492431,20200306_Plate1_074,P1_PP_0008,P001:130 seq1,formal_or_unknown,Batch7_0306 DATA,P1_PP_0008
102 / water,102,20200306_ecoli_4GHz_0102.d,20200320153629464-2492432,ctrl_p01_c1,water,P001:131 seq1 control,water,Batch7_0306 DATA,water
103 / water,103,20200306_ecoli_4GHz_0103.d,20200320153630449-2492433,ctrl_p01_c2,water,P001:132 seq1 control,water,Batch7_0306 DATA,water
104 / P1_PP_0512,104,20200306_ecoli_4GHz_0104.d,20200320153631524-2492434,20200306_Plate1_081,P1_PP_0512,P001:133 seq1,formal_or_unknown,Batch7_0306 DATA,P1_PP_0512
105 / P1_PP_0512,105,20200306_ecoli_4GHz_0105.d,20200320153632496-2492435,20200306_Plate1_081,P1_PP_0512,P001:134 seq1,formal_or_unknown,Batch7_0306 DATA,P1_PP_0512
106 / P1_PP_0512,106,20200306_ecoli_4GHz_0106.d,20200320153633444-2492436,20200306_Plate1_081,P1_PP_0512,P001:135 seq1,formal_or_unknown,Batch7_0306 DATA,P1_PP_0512
107 / water,107,20200306_ecoli_4GHz_0107.d,20200320153634459-2492437,ctrl_p01_c2,water,P001:137 seq1 control,water,Batch7_0306 DATA,water
108 / P1_SRM_0008,108,20200306_ecoli_4GHz_0108.d,20200320153635488-2492438,20200306_Plate1_004,P1_SRM_0008,P001:138 seq1,srm,Batch7_0306 DATA,P1_SRM_0008
109 / P1_SRM_0008,109,20200306_ecoli_4GHz_0109.d,20200320153636628-2492439,20200306_Plate1_004,P1_SRM_0008,P001:139 seq1,srm,Batch7_0306 DATA,P1_SRM_0008
110 / P1_SRM_0008,110,20200306_ecoli_4GHz_0110.d,20200320153637833-2492440,20200306_Plate1_004,P1_SRM_0008,P001:140 seq1,srm,Batch7_0306 DATA,P1_SRM_0008
111 / water,111,20200306_ecoli_4GHz_0111.d,20200320153638966-2492441,ctrl_p01_c1,water,P001:141 seq1 control,water,Batch7_0306 DATA,water
112 / water,112,20200306_ecoli_4GHz_0112.d,20200320153640102-2492442,ctrl_p01_c2,water,P001:142 seq1 control,water,Batch7_0306 DATA,water
113 / P1_AA_0128,113,20200306_ecoli_4GHz_0113.d,20200320153641194-2492443,20200306_Plate1_051,P1_AA_0128,P001:143 seq1,formal_or_unknown,Batch7_0306 DATA,P1_AA_0128
114 / P1_AA_0128,114,20200306_ecoli_4GHz_0114.d,20200320153642349-2492444,20200306_Plate1_051,P1_AA_0128,P001:144 seq1,formal_or_unknown,Batch7_0306 DATA,P1_AA_0128
115 / P1_AA_0128,115,20200306_ecoli_4GHz_0115.d,20200320153643450-2492445,20200306_Plate1_051,P1_AA_0128,P001:145 seq1,formal_or_unknown,Batch7_0306 DATA,P1_AA_0128
116 / water,116,20200306_ecoli_4GHz_0116.d,20200320153644624-2492446,ctrl_p01_c1,water,P001:146 seq1 control,water,Batch7_0306 DATA,water
117 / P1_PP_0004,117,20200306_ecoli_4GHz_0117.d,20200320153645703-2492447,20200306_Plate1_073,P1_PP_0004,P001:148 seq1,formal_or_unknown,Batch7_0306 DATA,P1_PP_0004
118 / P1_PP_0004,118,20200306_ecoli_4GHz_0118.d,20200320153646821-2492448,20200306_Plate1_073,P1_PP_0004,P001:149 seq1,formal_or_unknown,Batch7_0306 DATA,P1_PP_0004
119 / P1_PP_0004,119,20200306_ecoli_4GHz_0119.d,20200320153647934-2492449,20200306_Plate1_073,P1_PP_0004,P001:150 seq1,formal_or_unknown,Batch7_0306 DATA,P1_PP_0004
120 / water,120,20200306_ecoli_4GHz_0120.d,20200320153649106-2492450,ctrl_p01_c1,water,P001:151 seq1 control,water,Batch7_0306 DATA,water
121 / water,121,20200306_ecoli_4GHz_0121.d,20200320153650130-2492451,ctrl_p01_c2,water,P001:152 seq1 control,water,Batch7_0306 DATA,water
122 / P1_SRM_2048,122,20200306_ecoli_4GHz_0122.d,20200320153651147-2492452,20200306_Plate1_013,P1_SRM_2048,P001:153 seq1,srm,Batch7_0306 DATA,P1_SRM_2048
123 / P1_SRM_2048,123,20200306_ecoli_4GHz_0123.d,20200320153652163-2492453,20200306_Plate1_013,P1_SRM_2048,P001:154 seq1,srm,Batch7_0306 DATA,P1_SRM_2048
124 / P1_SRM_2048,124,20200306_ecoli_4GHz_0124.d,20200320153653175-2492454,20200306_Plate1_013,P1_SRM_2048,P001:155 seq1,srm,Batch7_0306 DATA,P1_SRM_2048
125 / P1_AA_0256,125,20200306_ecoli_4GHz_0125.d,20200320153654174-2492455,20200306_Plate1_052,P1_AA_0256,P001:158 seq1,formal_or_unknown,Batch7_0306 DATA,P1_AA_0256
126 / P1_AA_0256,126,20200306_ecoli_4GHz_0126.d,20200320153655228-2492456,20200306_Plate1_052,P1_AA_0256,P001:159 seq1,formal_or_unknown,Batch7_0306 DATA,P1_AA_0256
127 / P1_AA_0256,127,20200306_ecoli_4GHz_0127.d,20200320153656248-2492457,20200306_Plate1_052,P1_AA_0256,P001:160 seq1,formal_or_unknown,Batch7_0306 DATA,P1_AA_0256
128 / water,128,20200306_ecoli_4GHz_0128.d,20200320153657289-2492458,ctrl_p01_c1,water,P001:161 seq1 control,water,Batch7_0306 DATA,water
129 / P1_FA_0128,129,20200306_ecoli_4GHz_0129.d,20200320153658314-2492459,20200306_Plate1_065,P1_FA_0128,P001:163 seq1,formal_or_unknown,Batch7_0306 DATA,P1_FA_0128
130 / P1_FA_0128,130,20200306_ecoli_4GHz_0130.d,20200320153659365-2492460,20200306_Plate1_065,P1_FA_0128,P001:164 seq1,formal_or_unknown,Batch7_0306 DATA,P1_FA_0128
131 / P1_FA_0128,131,20200306_ecoli_4GHz_0131.d,20200320153700358-2492461,20200306_Plate1_065,P1_FA_0128,P001:165 seq1,formal_or_unknown,Batch7_0306 DATA,P1_FA_0128
132 / water,132,20200306_ecoli_4GHz_0132.d,20200320153701363-2492462,ctrl_p01_c1,water,P001:166 seq1 control,water,Batch7_0306 DATA,water
133 / P1_Bio_0002,133,20200306_ecoli_4GHz_0133.d,20200320153702391-2492463,20200306_Plate1_030,P1_Bio_0002,P001:168 seq1,formal_or_unknown,Batch7_0306 DATA,P1_Bio_0002
134 / P1_Bio_0002,134,20200306_ecoli_4GHz_0134.d,20200320153703528-2492464,20200306_Plate1_030,P1_Bio_0002,P001:169 seq1,formal_or_unknown,Batch7_0306 DATA,P1_Bio_0002
135 / P1_Bio_0002,135,20200306_ecoli_4GHz_0135.d,20200320153704543-2492465,20200306_Plate1_030,P1_Bio_0002,P001:170 seq1,formal_or_unknown,Batch7_0306 DATA,P1_Bio_0002
136 / water,136,20200306_ecoli_4GHz_0136.d,20200320153705638-2492466,ctrl_p01_c1,water,P001:171 seq1 control,water,Batch7_0306 DATA,water
137 / water,137,20200306_ecoli_4GHz_0137.d,20200320153706653-2492467,ctrl_p01_c2,water,P001:172 seq1 control,water,Batch7_0306 DATA,water
138 / P1_Bio_0016,138,20200306_ecoli_4GHz_0138.d,20200320153707726-2492468,20200306_Plate1_033,P1_Bio_0016,P001:173 seq1,formal_or_unknown,Batch7_0306 DATA,P1_Bio_0016
139 / P1_Bio_0016,139,20200306_ecoli_4GHz_0139.d,20200320153708926-2492469,20200306_Plate1_033,P1_Bio_0016,P001:174 seq1,formal_or_unknown,Batch7_0306 DATA,P1_Bio_0016
140 / P1_Bio_0016,140,20200306_ecoli_4GHz_0140.d,20200320153710026-2492470,20200306_Plate1_033,P1_Bio_0016,P001:175 seq1,formal_or_unknown,Batch7_0306 DATA,P1_Bio_0016
141 / water,141,20200306_ecoli_4GHz_0141.d,20200320153711043-2492471,ctrl_p01_c1,water,P001:176 seq1 control,water,Batch7_0306 DATA,water
142 / water,142,20200306_ecoli_4GHz_0142.d,20200320153712032-2492472,ctrl_p01_c2,water,P001:177 seq1 control,water,Batch7_0306 DATA,water
143 / P1_FA_1024,143,20200306_ecoli_4GHz_0143.d,20200320153713073-2492473,20200306_Plate1_068,P1_FA_1024,P001:178 seq1,formal_or_unknown,Batch7_0306 DATA,P1_FA_1024
144 / P1_FA_1024,144,20200306_ecoli_4GHz_0144.d,20200320153714128-2492474,20200306_Plate1_068,P1_FA_1024,P001:179 seq1,formal_or_unknown,Batch7_0306 DATA,P1_FA_1024
145 / P1_FA_1024,145,20200306_ecoli_4GHz_0145.d,20200320153715142-2492475,20200306_Plate1_068,P1_FA_1024,P001:180 seq1,formal_or_unknown,Batch7_0306 DATA,P1_FA_1024
146 / P1_Full_0064,146,20200306_ecoli_4GHz_0146.d,20200320153716145-2492476,20200306_Plate1_022,P1_Full_0064,P001:183 seq1,formal_or_unknown,Batch7_0306 DATA,P1_Full_0064
147 / P1_Full_0064,147,20200306_ecoli_4GHz_0147.d,20200320153717207-2492477,20200306_Plate1_022,P1_Full_0064,P001:184 seq1,formal_or_unknown,Batch7_0306 DATA,P1_Full_0064
148 / P1_Full_0064,148,20200306_ecoli_4GHz_0148.d,20200320153718336-2492478,20200306_Plate1_022,P1_Full_0064,P001:185 seq1,formal_or_unknown,Batch7_0306 DATA,P1_Full_0064
149 / water,149,20200306_ecoli_4GHz_0149.d,20200320153719392-2492479,ctrl_p01_c1,water,P001:186 seq1 control,water,Batch7_0306 DATA,water
150 / water,150,20200306_ecoli_4GHz_0150.d,20200320153720389-2492480,ctrl_p01_c2,water,P001:187 seq1 control,water,Batch7_0306 DATA,water
151 / P1_SRM_0512,151,20200306_ecoli_4GHz_0151.d,20200320153721378-2492481,20200306_Plate1_011,P1_SRM_0512,P001:188 seq1,srm,Batch7_0306 DATA,P1_SRM_0512
152 / P1_SRM_0512,152,20200306_ecoli_4GHz_0152.d,20200320153722388-2492482,20200306_Plate1_011,P1_SRM_0512,P001:189 seq1,srm,Batch7_0306 DATA,P1_SRM_0512
153 / P1_SRM_0512,153,20200306_ecoli_4GHz_0153.d,20200320153723584-2492483,20200306_Plate1_011,P1_SRM_0512,P001:190 seq1,srm,Batch7_0306 DATA,P1_SRM_0512
154 / water,154,20200306_ecoli_4GHz_0154.d,20200320153724568-2492484,ctrl_p01_c1,water,P001:191 seq1 control,water,Batch7_0306 DATA,water
155 / P1_FA_0064,155,20200306_ecoli_4GHz_0155.d,20200320153725584-2492485,20200306_Plate1_064,P1_FA_0064,P001:193 seq1,formal_or_unknown,Batch7_0306 DATA,P1_FA_0064
156 / P1_FA_0064,156,20200306_ecoli_4GHz_0156.d,20200320153726623-2492486,20200306_Plate1_064,P1_FA_0064,P001:194 seq1,formal_or_unknown,Batch7_0306 DATA,P1_FA_0064
157 / P1_FA_0064,157,20200306_ecoli_4GHz_0157.d,20200320153727675-2492487,20200306_Plate1_064,P1_FA_0064,P001:195 seq1,formal_or_unknown,Batch7_0306 DATA,P1_FA_0064
158 / water,158,20200306_ecoli_4GHz_0158.d,20200320153728682-2492488,ctrl_p01_c1,water,P001:196 seq1 control,water,Batch7_0306 DATA,water
159 / water,159,20200306_ecoli_4GHz_0159.d,20200320153729691-2492489,ctrl_p01_c2,water,P001:197 seq1 control,water,Batch7_0306 DATA,water
160 / P1_AA_1024,160,20200306_ecoli_4GHz_0160.d,20200320153730700-2492490,20200306_Plate1_054,P1_AA_1024,P001:198 seq1,formal_or_unknown,Batch7_0306 DATA,P1_AA_1024
161 / P1_AA_1024,161,20200306_ecoli_4GHz_0161.d,20200320153731776-2492491,20200306_Plate1_054,P1_AA_1024,P001:199 seq1,formal_or_unknown,Batch7_0306 DATA,P1_AA_1024
162 / P1_AA_1024,162,20200306_ecoli_4GHz_0162.d,20200320153732886-2492492,20200306_Plate1_054,P1_AA_1024,P001:200 seq1,formal_or_unknown,Batch7_0306 DATA,P1_AA_1024
163 / P1_Bio_0001,163,20200306_ecoli_4GHz_0163.d,20200320153733931-2492493,20200306_Plate1_029,P1_Bio_0001,P001:203 seq1,formal_or_unknown,Batch7_0306 DATA,P1_Bio_0001
164 / P1_Bio_0001,164,20200306_ecoli_4GHz_0164.d,20200320153735204-2492494,20200306_Plate1_029,P1_Bio_0001,P001:204 seq1,formal_or_unknown,Batch7_0306 DATA,P1_Bio_0001
165 / P1_Bio_0001,165,20200306_ecoli_4GHz_0165.d,20200320153736338-2492495,20200306_Plate1_029,P1_Bio_0001,P001:205 seq1,formal_or_unknown,Batch7_0306 DATA,P1_Bio_0001
166 / water,166,20200306_ecoli_4GHz_0166.d,20200320153737479-2492496,ctrl_p01_c1,water,P001:206 seq1 control,water,Batch7_0306 DATA,water
167 / water,167,20200306_ecoli_4GHz_0167.d,20200320153738586-2492497,ctrl_p01_c2,water,P001:207 seq1 control,water,Batch7_0306 DATA,water
168 / P1_SRM_0128,168,20200306_ecoli_4GHz_0168.d,20200320153739692-2492498,20200306_Plate1_009,P1_SRM_0128,P001:208 seq1,srm,Batch7_0306 DATA,P1_SRM_0128
169 / P1_SRM_0128,169,20200306_ecoli_4GHz_0169.d,20200320153740726-2492499,20200306_Plate1_009,P1_SRM_0128,P001:209 seq1,srm,Batch7_0306 DATA,P1_SRM_0128
170 / P1_SRM_0128,170,20200306_ecoli_4GHz_0170.d,20200320153741799-2492500,20200306_Plate1_009,P1_SRM_0128,P001:210 seq1,srm,Batch7_0306 DATA,P1_SRM_0128
171 / water,171,20200306_ecoli_4GHz_0171.d,20200320153742738-2492501,ctrl_p01_c2,water,P001:212 seq1 control,water,Batch7_0306 DATA,water
172 / P1_PP_0016,172,20200306_ecoli_4GHz_0172.d,20200320153743783-2492502,20200306_Plate1_075,P1_PP_0016,P001:213 seq1,formal_or_unknown,Batch7_0306 DATA,P1_PP_0016
173 / P1_PP_0016,173,20200306_ecoli_4GHz_0173.d,20200320153744906-2492503,20200306_Plate1_075,P1_PP_0016,P001:214 seq1,formal_or_unknown,Batch7_0306 DATA,P1_PP_0016
174 / P1_PP_0016,174,20200306_ecoli_4GHz_0174.d,20200320153745880-2492504,20200306_Plate1_075,P1_PP_0016,P001:215 seq1,formal_or_unknown,Batch7_0306 DATA,P1_PP_0016
175 / water,175,20200306_ecoli_4GHz_0175.d,20200320153746902-2492505,ctrl_p01_c1,water,P001:216 seq1 control,water,Batch7_0306 DATA,water
176 / water,176,20200306_ecoli_4GHz_0176.d,20200320153747933-2492506,ctrl_p01_c2,water,P001:217 seq1 control,water,Batch7_0306 DATA,water
177 / water,177,20200306_ecoli_4GHz_0177.d,20200320153748918-2492507,ctrl_p01_c1,water,P001:221 seq1 control,water,Batch7_0306 DATA,water
178 / water,178,20200306_ecoli_4GHz_0178.d,20200320153749906-2492508,ctrl_p01_c2,water,P001:222 seq1 control,water,Batch7_0306 DATA,water
179 / P1_Bio_0032,179,20200306_ecoli_4GHz_0179.d,20200320153750910-2492509,20200306_Plate1_034,P1_Bio_0032,P001:223 seq1,formal_or_unknown,Batch7_0306 DATA,P1_Bio_0032
180 / P1_Bio_0032,180,20200306_ecoli_4GHz_0180.d,20200320153752015-2492510,20200306_Plate1_034,P1_Bio_0032,P001:224 seq1,formal_or_unknown,Batch7_0306 DATA,P1_Bio_0032
181 / P1_Bio_0032,181,20200306_ecoli_4GHz_0181.d,20200320153753175-2492511,20200306_Plate1_034,P1_Bio_0032,P001:225 seq1,formal_or_unknown,Batch7_0306 DATA,P1_Bio_0032
182 / water,182,20200306_ecoli_4GHz_0182.d,20200320153754220-2492512,ctrl_p01_c1,water,P001:226 seq1 control,water,Batch7_0306 DATA,water
183 / water,183,20200306_ecoli_4GHz_0183.d,20200320153755241-2492513,ctrl_p01_c2,water,P001:227 seq1 control,water,Batch7_0306 DATA,water
184 / P1_AA_0064,184,20200306_ecoli_4GHz_0184.d,20200320153756245-2492514,20200306_Plate1_050,P1_AA_0064,P001:228 seq1,formal_or_unknown,Batch7_0306 DATA,P1_AA_0064
185 / P1_AA_0064,185,20200306_ecoli_4GHz_0185.d,20200320153757332-2492515,20200306_Plate1_050,P1_AA_0064,P001:229 seq1,formal_or_unknown,Batch7_0306 DATA,P1_AA_0064
186 / P1_AA_0064,186,20200306_ecoli_4GHz_0186.d,20200320153758351-2492516,20200306_Plate1_050,P1_AA_0064,P001:230 seq1,formal_or_unknown,Batch7_0306 DATA,P1_AA_0064
187 / water,187,20200306_ecoli_4GHz_0187.d,20200320153759359-2492517,ctrl_p01_c1,water,P001:231 seq1 control,water,Batch7_0306 DATA,water
188 / P1_AA_0001,188,20200306_ecoli_4GHz_0188.d,20200320153800438-2492518,20200306_Plate1_043,P1_AA_0001,P001:233 seq1,formal_or_unknown,Batch7_0306 DATA,P1_AA_0001
189 / P1_AA_0001,189,20200306_ecoli_4GHz_0189.d,20200320153801500-2492519,20200306_Plate1_043,P1_AA_0001,P001:234 seq1,formal_or_unknown,Batch7_0306 DATA,P1_AA_0001
190 / P1_AA_0001,190,20200306_ecoli_4GHz_0190.d,20200320153802630-2492520,20200306_Plate1_043,P1_AA_0001,P001:235 seq1,formal_or_unknown,Batch7_0306 DATA,P1_AA_0001
191 / water,191,20200306_ecoli_4GHz_0191.d,20200320153803744-2492521,ctrl_p01_c1,water,P001:236 seq1 control,water,Batch7_0306 DATA,water
192 / water,192,20200306_ecoli_4GHz_0192.d,20200320153804779-2492522,ctrl_p01_c2,water,P001:237 seq1 control,water,Batch7_0306 DATA,water
193 / P1_SRM_0001,193,20200306_ecoli_4GHz_0193.d,20200320153805823-2492523,20200306_Plate1_001,P1_SRM_0001,P001:238 seq1,srm,Batch7_0306 DATA,P1_SRM_0001
194 / P1_SRM_0001,194,20200306_ecoli_4GHz_0194.d,20200320153807109-2492524,20200306_Plate1_001,P1_SRM_0001,P001:239 seq1,srm,Batch7_0306 DATA,P1_SRM_0001
195 / P1_SRM_0001,195,20200306_ecoli_4GHz_0195.d,20200320153808292-2492525,20200306_Plate1_001,P1_SRM_0001,P001:240 seq1,srm,Batch7_0306 DATA,P1_SRM_0001
196 / water,196,20200306_ecoli_4GHz_0196.d,20200320153809504-2492526,ctrl_p01_c1,water,P001:241 seq1 control,water,Batch7_0306 DATA,water
197 / water,197,20200306_ecoli_4GHz_0197.d,20200320153810582-2492527,ctrl_p01_c2,water,P001:242 seq1 control,water,Batch7_0306 DATA,water
198 / P1_SRM_0002,198,20200306_ecoli_4GHz_0198.d,20200320153811623-2492528,20200306_Plate1_002,P1_SRM_0002,P001:243 seq1,srm,Batch7_0306 DATA,P1_SRM_0002
199 / P1_SRM_0002,199,20200306_ecoli_4GHz_0199.d,20200320153812933-2492529,20200306_Plate1_002,P1_SRM_0002,P001:244 seq1,srm,Batch7_0306 DATA,P1_SRM_0002
200 / P1_SRM_0002,200,20200306_ecoli_4GHz_0200.d,20200320153814106-2492530,20200306_Plate1_002,P1_SRM_0002,P001:245 seq1,srm,Batch7_0306 DATA,P1_SRM_0002
201 / water,201,20200306_ecoli_4GHz_0201.d,20200320153815257-2492531,ctrl_p01_c1,water,P001:246 seq1 control,water,Batch7_0306 DATA,water
202 / water,202,20200306_ecoli_4GHz_0202.d,20200320153816333-2492532,ctrl_p01_c2,water,P001:247 seq1 control,water,Batch7_0306 DATA,water
203 / P1_FA_0004,203,20200306_ecoli_4GHz_0203.d,20200320153817316-2492533,20200306_Plate1_059,P1_FA_0004,P001:248 seq1,formal_or_unknown,Batch7_0306 DATA,P1_FA_0004
204 / P1_FA_0004,204,20200306_ecoli_4GHz_0204.d,20200320153818320-2492534,20200306_Plate1_059,P1_FA_0004,P001:249 seq1,formal_or_unknown,Batch7_0306 DATA,P1_FA_0004
205 / P1_FA_0004,205,20200306_ecoli_4GHz_0205.d,20200320153819333-2492535,20200306_Plate1_059,P1_FA_0004,P001:250 seq1,formal_or_unknown,Batch7_0306 DATA,P1_FA_0004
206 / water,206,20200306_ecoli_4GHz_0206.d,20200320153820319-2492536,ctrl_p01_c1,water,P001:251 seq1 control,water,Batch7_0306 DATA,water
207 / water,207,20200306_ecoli_4GHz_0207.d,20200320153821379-2492537,ctrl_p01_c2,water,P001:252 seq1 control,water,Batch7_0306 DATA,water
208 / P1_PP_0064,208,20200306_ecoli_4GHz_0208.d,20200320153822434-2492538,20200306_Plate1_078,P1_PP_0064,P001:253 seq1,formal_or_unknown,Batch7_0306 DATA,P1_PP_0064
209 / P1_PP_0064,209,20200306_ecoli_4GHz_0209.d,20200320153823453-2492539,20200306_Plate1_078,P1_PP_0064,P001:254 seq1,formal_or_unknown,Batch7_0306 DATA,P1_PP_0064
210 / P1_PP_0064,210,20200306_ecoli_4GHz_0210.d,20200320153824456-2492540,20200306_Plate1_078,P1_PP_0064,P001:255 seq1,formal_or_unknown,Batch7_0306 DATA,P1_PP_0064
211 / water,211,20200306_ecoli_4GHz_0211.d,20200320153825441-2492541,ctrl_p01_c1,water,P001:256 seq1 control,water,Batch7_0306 DATA,water
212 / water,212,20200306_ecoli_4GHz_0212.d,20200320153826424-2492542,ctrl_p01_c1,water,P001:261 seq1 control,water,Batch7_0306 DATA,water
213 / water,213,20200306_ecoli_4GHz_0213.d,20200320153827419-2492543,ctrl_p01_c2,water,P001:262 seq1 control,water,Batch7_0306 DATA,water
214 / P1_SRM_1024,214,20200306_ecoli_4GHz_0214.d,20200320153828400-2492544,20200306_Plate1_012,P1_SRM_1024,P001:263 seq1,srm,Batch7_0306 DATA,P1_SRM_1024
215 / P1_SRM_1024,215,20200306_ecoli_4GHz_0215.d,20200320153829448-2492545,20200306_Plate1_012,P1_SRM_1024,P001:264 seq1,srm,Batch7_0306 DATA,P1_SRM_1024
216 / P1_SRM_1024,216,20200306_ecoli_4GHz_0216.d,20200320153830481-2492546,20200306_Plate1_012,P1_SRM_1024,P001:265 seq1,srm,Batch7_0306 DATA,P1_SRM_1024
217 / P1_SRM_0016,217,20200306_ecoli_4GHz_0217.d,20200320153831485-2492547,20200306_Plate1_005,P1_SRM_0016,P001:268 seq1,srm,Batch7_0306 DATA,P1_SRM_0016
218 / P1_SRM_0016,218,20200306_ecoli_4GHz_0218.d,20200320153832599-2492548,20200306_Plate1_005,P1_SRM_0016,P001:269 seq1,srm,Batch7_0306 DATA,P1_SRM_0016
219 / P1_SRM_0016,219,20200306_ecoli_4GHz_0219.d,20200320153833750-2492549,20200306_Plate1_005,P1_SRM_0016,P001:270 seq1,srm,Batch7_0306 DATA,P1_SRM_0016
220 / water,220,20200306_ecoli_4GHz_0220.d,20200320153834805-2492550,ctrl_p01_c1,water,P001:271 seq1 control,water,Batch7_0306 DATA,water
221 / water,221,20200306_ecoli_4GHz_0221.d,20200320153835831-2492551,ctrl_p01_c2,water,P001:272 seq1 control,water,Batch7_0306 DATA,water
222 / water,222,20200306_ecoli_4GHz_0222.d,20200320153836847-2492552,ctrl_p01_c1,water,P001:281 seq1 control,water,Batch7_0306 DATA,water
223 / water,223,20200306_ecoli_4GHz_0223.d,20200320153837910-2492553,ctrl_p01_c2,water,P001:282 seq1 control,water,Batch7_0306 DATA,water
224 / P1_PP_0032,224,20200306_ecoli_4GHz_0224.d,20200320153838960-2492554,20200306_Plate1_076,P1_PP_0032,P001:283 seq1,formal_or_unknown,Batch7_0306 DATA,P1_PP_0032
225 / P1_PP_0032,225,20200306_ecoli_4GHz_0225.d,20200320153839985-2492555,20200306_Plate1_076,P1_PP_0032,P001:284 seq1,formal_or_unknown,Batch7_0306 DATA,P1_PP_0032
226 / P1_PP_0032,226,20200306_ecoli_4GHz_0226.d,20200320153841073-2492556,20200306_Plate1_076,P1_PP_0032,P001:285 seq1,formal_or_unknown,Batch7_0306 DATA,P1_PP_0032
227 / water,227,20200306_ecoli_4GHz_0227.d,20200320153842103-2492557,ctrl_p01_c1,water,P001:286 seq1 control,water,Batch7_0306 DATA,water
228 / water,228,20200306_ecoli_4GHz_0228.d,20200320153843103-2492558,ctrl_p01_c2,water,P001:287 seq1 control,water,Batch7_0306 DATA,water
229 / P1_Full_0512,229,20200306_ecoli_4GHz_0229.d,20200320153844070-2492559,20200306_Plate1_025,P1_Full_0512,P001:288 seq1,formal_or_unknown,Batch7_0306 DATA,P1_Full_0512
230 / P1_Full_0512,230,20200306_ecoli_4GHz_0230.d,20200320153845097-2492560,20200306_Plate1_025,P1_Full_0512,P001:289 seq1,formal_or_unknown,Batch7_0306 DATA,P1_Full_0512
231 / P1_Full_0512,231,20200306_ecoli_4GHz_0231.d,20200320153846122-2492561,20200306_Plate1_025,P1_Full_0512,P001:290 seq1,formal_or_unknown,Batch7_0306 DATA,P1_Full_0512
232 / water,232,20200306_ecoli_4GHz_0232.d,20200320153847184-2492562,ctrl_p01_c1,water,P001:291 seq1 control,water,Batch7_0306 DATA,water
233 / P1_PP_0002,233,20200306_ecoli_4GHz_0233.d,20200320153848211-2492563,20200306_Plate1_072,P1_PP_0002,P001:293 seq1,formal_or_unknown,Batch7_0306 DATA,P1_PP_0002
234 / P1_PP_0002,234,20200306_ecoli_4GHz_0234.d,20200320153849235-2492564,20200306_Plate1_072,P1_PP_0002,P001:294 seq1,formal_or_unknown,Batch7_0306 DATA,P1_PP_0002
235 / P1_PP_0002,235,20200306_ecoli_4GHz_0235.d,20200320153850292-2492565,20200306_Plate1_072,P1_PP_0002,P001:295 seq1,formal_or_unknown,Batch7_0306 DATA,P1_PP_0002
236 / water,236,20200306_ecoli_4GHz_0236.d,20200320153851307-2492566,ctrl_p01_c1,water,P001:296 seq1 control,water,Batch7_0306 DATA,water
237 / water,237,20200306_ecoli_4GHz_0237.d,20200320153852300-2492567,ctrl_p01_c2,water,P001:297 seq1 control,water,Batch7_0306 DATA,water
238 / P1_Bio_0256,238,20200306_ecoli_4GHz_0238.d,20200320153853301-2492568,20200306_Plate1_038,P1_Bio_0256,P001:298 seq1,formal_or_unknown,Batch7_0306 DATA,P1_Bio_0256
239 / P1_Bio_0256,239,20200306_ecoli_4GHz_0239.d,20200320153854323-2492569,20200306_Plate1_038,P1_Bio_0256,P001:299 seq1,formal_or_unknown,Batch7_0306 DATA,P1_Bio_0256
240 / P1_Bio_0256,240,20200306_ecoli_4GHz_0240.d,20200320153855354-2492570,20200306_Plate1_038,P1_Bio_0256,P001:300 seq1,formal_or_unknown,Batch7_0306 DATA,P1_Bio_0256
241 / water,241,20200306_ecoli_4GHz_0241.d,20200320153856322-2492571,ctrl_p01_c1,water,P001:301 seq1 control,water,Batch7_0306 DATA,water
242 / P1_Full_0008,242,20200306_ecoli_4GHz_0242.d,20200320153857321-2492572,20200306_Plate1_018,P1_Full_0008,P001:303 seq1,formal_or_unknown,Batch7_0306 DATA,P1_Full_0008
243 / P1_Full_0008,243,20200306_ecoli_4GHz_0243.d,20200320153858411-2492573,20200306_Plate1_018,P1_Full_0008,P001:304 seq1,formal_or_unknown,Batch7_0306 DATA,P1_Full_0008
244 / P1_Full_0008,244,20200306_ecoli_4GHz_0244.d,20200320153859486-2492574,20200306_Plate1_018,P1_Full_0008,P001:305 seq1,formal_or_unknown,Batch7_0306 DATA,P1_Full_0008
245 / water,245,20200306_ecoli_4GHz_0245.d,20200320153900574-2492575,ctrl_p01_c1,water,P001:306 seq1 control,water,Batch7_0306 DATA,water
