ionIdx,ionMz,ionAverageInt,Top annotation formula,Top annotation ion
1,57.034648014787976,6709.0504422390895,C3H6O,-H(-)
2,58.02921900643324,874.2704810633066,C2H5NO,-H(-)
3,59.0138266720542,66285.26935341077,C2H4O2,-H(-)
4,60.044607411044346,506.75824851738463,C2H7NO,-H(-)
5,67.03046027069219,3177.226338123462,C3H4N2,-H(-)
6,68.05085926593227,906.7443061598616,C4H7N,-H(-)
7,70.03011843697008,3558.0004391567936,C3H5NO,-H(-)
8,71.01413793819334,12936.507728150516,C3H4O2,-H(-)
9,71.05041712379061,1326.8349663488113,C4H8O,-H(-)
10,72.9934238175293,831.1395466620412,C2H2O3,-H(-)
11,73.01224613444795,1610.0034679786713,C3H6S,-H(-)
12,73.02980668976736,5661.942181636659,C3H6O2,-H(-)
13,73.04018846238793,1813.797385186475,C2H6N2O,-H(-)
14,74.02516213232437,27633.885842407704,C2H5NO2,-H(-)
15,75.00923826917627,1796.5634635515057,C2H4O3,-H(-)
16,77.03991495439845,1537.9200279305383,C6H6,-H(-)
17,79.9577296511259,15169.61026554334,HO3S,-H(-)
18,80.96292836929089,13368.641528690807,ClHNO2,-H(-)
19,81.04604915692914,598.0050336739905,C4H6N2,-H(-)
20,83.05064905750149,1938.5777046157812,C5H8O,-H(-)
21,84.04585835139402,1125.2162152798855,C4H7NO,-H(-)
22,84.08213925329409,346.0456789403909,C5H11N,-H(-)
23,85.02977992540569,11545.640843034516,C4H6O2,-H(-)
24,86.02509704347199,1274.2113331045564,C3H5NO2,-H(-)
25,87.00889180404114,5814.706565354989,C3H4O3,-H(-)
26,88.04077642819928,13467.345405674538,C3H7NO2,-H(-)
27,89.0246891024432,43881.17518948564,C3H6O3,-H(-)
28,89.04312887879684,3740.8495065471307,C4H10S,-H(-)
29,90.0192248256177,1389.1235707843546,C2H5NO3,-H(-)
30,91.05575317378613,6209.306059088199,C7H8,-H(-)
31,92.05081061287638,1522.7964308528465,C6H7N,-H(-)
32,93.04618739776606,42188.34564152301,C5H6N2,-H(-)
33,94.03025677434272,7464.232824118115,C5H5NO,-H(-)
34,94.98107404330744,257086.61174165463,H4O4Si,-H(-)
35,95.0140795027006,10290.34162877131,C5H4O2,-H(-)
36,95.05068480335993,2939.1187204295748,C6H8O,-H(-)
37,96.96948679736562,421409.55655070744,H3O4P,-H(-)
38,98.02512893676156,5404.152116818424,C4H5NO2,-H(-)
39,99.04534562563428,18621.869208106185,C5H8O2,-H(-)
40,100.02276923760385,3350.4117142123146,C4H7NS,-H(-)
41,100.04074468706595,6050.129458148978,C4H7NO2,-H(-)
42,101.02482576824774,27629.72878159017,C4H6O3,-H(-)
43,101.04204300449308,6610.402158408359,C5H10S,-H(-)
44,101.0490726682455,4232.876636823635,C4H8NO2,-H(-)
45,101.06112197544334,12442.418305660378,C5H10O2,-H(-)
46,102.01903178251817,1160.6053520409305,C3H5NO3,-H(-)
47,102.03859678000269,2446.2513590209433,C4H9NS,-H(-)
48,102.05636062193696,86973.23568722785,C4H9NO2,-H(-)
49,103.02246651333411,5177.215017243348,C4H8OS,-H(-)
50,103.04014886517339,35816.86628739512,C4H8O3,-H(-)
51,103.0510503010415,6800.789058036585,C3H8N2O2,-H(-)
52,104.03557145831124,55252.17563788937,C3H7NO3,-H(-)
53,105.00182634219037,411.45863240816203,C3H6O2S,-H(-)
54,105.01948797287508,6425.652349028543,C3H6O4,-H(-)
55,105.03828025685726,8054.992973220791,C4H10OS,-H(-)
56,105.0712751492107,1035.7914283089385,C8H10,-H(-)
57,107.05055846611462,68233.49723059233,C7H8O,-H(-)
58,108.04566204194587,6499.153802500794,C6H7NO,-H(-)
59,109.01200877909562,4249.830194713101,C6H6S,-H(-)
60,109.0296861429062,21701.2155544165,C6H6O2,-H(-)
61,109.04093748703248,14420.690922328551,C5H6N2O,-H(-)
62,109.06556267977406,3298.096958389082,C7H10O,-H(-)
63,110.03637309502979,104204.39312863616,C4H5N3O,-H(-)
64,110.07265298176735,19881.020664403546,C5H9N3,-H(-)
65,110.98469005030937,950.4059881316474,CH5O4P,-H(-)
66,111.00898927052556,14258.86794998981,C5H4O3,-H(-)
67,111.02041252265181,87995.03533004358,C4H4N2O2,-H(-)
68,112.03899701723294,4776.752005383849,C5H7NO2,-H(-)
69,112.05187872962372,61312.11787269084,C4H7N3O,-H(-)
70,113.02469613063735,32773.83194660398,C5H6O3,-H(-)
71,113.03591369315461,58201.71946845804,C4H6N2O2,-H(-)
72,114.05618631693763,501578.2871086724,C5H9NO2,-H(-)
73,115.00386148164186,14547.863271178232,C4H4O4,-H(-)
74,115.05967160474391,34324.98814916801,C6H12S,-H(-)
75,116.03604605547334,8618.114252937276,C4H7NO3,-H(-)
76,116.05089590206343,200927.9759726678,C8H7N,-H(-)
77,116.07188691545662,1220699.4105415437,C5H11NO2,-H(-)
78,117.01959662014546,15020.217319230767,C4H6O4,-H(-)
79,117.07523452051011,68871.46576126797,C6H14S,-H(-)
80,118.05112262244151,93899.97654523938,C4H9NO3,-H(-)
81,118.9999653719922,2788.2521563767123,C4H8S2,-H(-)
82,119.0174033620525,29864.638525198134,C4H8O2S,-H(-)
83,119.03627528312403,121862.31657238748,C5H4N4,-H(-)
84,119.05076648048725,66054.65509184507,C8H8O,-H(-)
85,120.01274697241192,29356.190676548224,C3H7NO2S,-H(-)
86,120.99605944706428,2051.3807419404543,C3H6O3S,-H(-)
87,121.03278370809252,56742.108545718445,C4H10O2S,-H(-)
88,121.06605044268433,6538.774405727841,C8H10O,-H(-)
89,122.02489141651974,3915.8254970357307,C6H5NO2,-H(-)
90,124.00750397463278,27395.163976710453,C2H7NO3S,-H(-)
91,124.01779656298783,11243.409298082877,C2H8NO3P,-H(-)
92,124.05278981928386,4056.8271822396014,C5H7N3O,-H(-)
93,125.0071231582761,6561.845405875814,C6H6OS,-H(-)
94,125.01537680170239,5209.775706806456,C7H7Cl,-H(-)
95,125.03592060810337,217018.39886344425,C5H6N2O2,-H(-)
96,125.04741981347745,27713.214330581573,C4H6N4O; C6H8NO2,-H(-); -H(-)
97,126.03918198863272,12912.281778587061,C6H9NS,-H(-)
98,126.09274546809641,980.735540219847,C7H13NO,-H(-)
99,126.9053920045806,3611.0497015517262,HI,-H(-)
100,127.01483165527124,1363.0485255778585,C4H4N2O3,-H(-)
101,127.0211915805012,1403.5714724564727,C6H8OS,-H(-)
102,127.0404425749568,10701.373349479549,C6H8O3,-H(-)
103,127.051422756275,71738.12008213889,C5H8N2O2,-H(-)
104,128.035548789684,184706.35899416707,C5H7NO3,-H(-)
105,129.01889652355462,10129.30660629479,C5H6O4,-H(-)
106,129.03891202293138,12168.16103135631,C6H10OS,-H(-)
107,129.05564299609085,66544.28548911477,C6H10O3,-H(-)
108,129.09220059115287,10105.144695645868,C7H14O2,-H(-)
109,130.0510935306164,12675.276535029536,C5H9NO3,-H(-)
110,130.06741735831687,34738.47159226037,C9H9N,-H(-)
111,130.0876051258431,1816753.4109811326,C6H13NO2,-H(-)
112,131.04636859416718,164896.73537683894,C4H8N2O3,-H(-)
113,131.0830219636743,169517.45466421053,C5H12N2O2,-H(-)
114,131.09023866146765,162155.55765713277,C7H16S,-H(-)
115,132.03043263731553,361826.1277548498,C4H7NO4,-H(-)
116,132.92368438397742,5804.784157799181,C3H2S3,-H(-)
117,133.01570177347625,26070.329417215256,C5H10S2,-H(-)
118,133.03371505902282,18829.18150915559,C5H10O2S,-H(-)
119,133.05219172227405,42447.66726420993,C6H6N4,-H(-)
120,133.06574050540144,11239.058615977629,C9H10O,-H(-)
121,133.1023572634206,842.2058571961956,C10H14,-H(-)
122,134.04741307799299,647249.4209455737,C5H5N5,-H(-)
123,135.03030295947343,31257.97905706159,C4H8O5; C5H12S2; C5H4N4O,-H(-); -H(-); -H(-)
124,135.06778167336066,37182.511109319996,C6H8N4,-H(-)
125,138.06749257989676,201119.8548514037,C6H9N3O,-H(-)
126,139.074708118051,14179.415279417657,C8H12O2,-H(-)
127,139.11314093341062,3010.167751034675,C9H16O,-H(-)
128,139.9951107916349,2992.858596954373,C2H8NO2PS,-H(-)
129,140.07169717842888,3875.5436822041693,C7H11NO2,-H(-)
130,140.10810432544815,980.8389030009807,C8H15NO,-H(-)
131,140.9869736493257,4543.635589444903,C2H6O5S,-H(-)
132,141.09144451435384,6269.946879631657,C8H14O2,-H(-)
133,141.1286786767954,966.9161080170962,C9H18O,-H(-)
134,142.03307632915883,1845.0576274890293,C6H9NOS,-H(-)
135,142.0664111037581,62393.255894881135,C10H9N,-H(-)
136,142.9901965778073,3048.722091884892,C6H5ClO2,-H(-)
137,143.03465371211004,10393.078563855559,C6H8O4,-H(-)
138,143.10769406531367,47214.936532656066,C8H16O2,-H(-)
139,143.1301245413789,2096.6116652248784,C6H16N4,-H(-)
140,144.03070718812816,1652.0199059642248,C5H7NO4,-H(-)
141,144.04564318925637,12656.068271698114,C9H7NO,-H(-)
142,144.0670449977064,5354.82346238434,C6H11NO3,-H(-)
143,144.0816638269003,1564.9289650738588,C10H11N,-H(-)
144,144.1030926547492,1933.896391644438,C7H15NO2,-H(-)
145,145.01464505575788,1996.9760398920112,C5H6O5; C6H10S2,-H(-); -H(-)
146,145.03018730366324,4406.652487296465,C9H6O2,-H(-)
147,145.0619189860537,536859.1363386409,C5H10N2O3,-H(-)
148,145.09824850414208,463626.0207120007,C6H14N2O2,-H(-)
149,146.04604219520053,526186.3168068851,C5H9NO4,-H(-)
150,147.03001467120788,12799.756391424393,C5H8O5; C6H12S2,-H(-); -H(-)
151,148.04406139496515,184875.83644662617,C5H11NO2S,-H(-)
152,149.0254499456342,4293.6467076806875,C8H6O3,-H(-)
153,149.04727502291288,21927.7035313858,C6H14S2; C6H6N4O; C8H8NO2,-H(-); -H(-); -H(-)
154,149.06055694032898,33595.9204972787,C9H10O2,-H(-)
155,149.09704735390724,5089.715767565647,C10H14O,-H(-)
156,150.00211155065526,2939.73451665599,C7H5NOS,-H(-)
157,150.04217941551317,152117.54770045,C5H5N5O,-H(-)
158,151.0262023592723,7103.773472581551,C5H4N4O2,-H(-)
159,151.11289820425924,3356.4460936557457,C10H16O,-H(-)
160,151.9847400660018,6042.804094718075,C3H7NO2S2,-H(-)
161,152.0348190280912,6909.6049632359,C7H7NO3,-H(-)
162,152.08304339472681,5547.936175405012,C7H11N3O,-H(-)
163,152.10786021741555,1139.8021003914755,C9H15NO,-H(-)
164,152.98661960468797,3472.1428590684263,C4H10S3,-H(-)
165,153.01904501605503,21075.527855521486,C7H6O4,-H(-)
166,153.05541957610382,4521.7196386389915,C8H10O3,-H(-)
167,153.09186260712093,22869.39441472581,C9H14O2,-H(-)
168,154.06233460734265,883298.6387989835,C6H9N3O2,-H(-)
169,155.04659977868462,4306.615166472725,C6H8N2O3,-H(-)
170,155.0709502001822,32463.487520942945,C8H12O3,-H(-)
171,156.06713524564262,8304.163074693986,C7H11NO3,-H(-)
172,157.05035733174915,6372.787289716756,C7H10O4,-H(-)
173,157.06569621535274,3419.5659615223035,C11H10O,-H(-)
174,157.08727114437642,11329.502232916826,C8H14O3,-H(-)
175,157.12339568457102,70631.81114658917,C9H18O2,-H(-)
176,158.06015915412078,45747.59255094333,C10H9NO,-H(-)
177,158.08203227897988,7723.240367494221,C7H13NO3,-H(-)
178,159.01064435019018,2952.6640934101165,C6H8O3S,-H(-)
179,159.0274957426396,10020.920505342037,C10H8S,-H(-)
180,159.04589517547225,5822.864354537261,C10H8O2,-H(-)
181,159.08422234053722,4998.02154909374,C8H16OS,-H(-)
182,159.09263982434524,11169.677887677028,C10H12N2,-H(-)
183,159.1028167040886,8301.782995232548,C8H16O3,-H(-)
184,159.1141512934822,3014.57759560001,C7H16N2O2,-H(-)
185,160.0267701694136,72995.95688873803,C6H11NS2,-H(-)
186,160.04115406307133,18633.046106156176,C9H7NO2,-H(-)
187,160.06138621075334,6282.345111853543,C6H11NO4,-H(-)
188,161.01068984249667,3569.090582101764,C6H10OS2,-H(-)
189,161.02489887838394,5374.581008333804,C9H6O3,-H(-)
190,161.03904790492297,10341.365887340973,C13H6; C5H10N2O2S,-H(-); -H(-)
191,161.04498530482874,20311.204451780184,C6H10O5,-H(-)
192,161.06360327721683,4724.672195609863,C7H14O2S,-H(-)
193,162.03858357117835,20237.97363479475,C9H9NS,-H(-)
194,162.04242881757742,40550.39859790568,C6H13NS2; C6H5N5O,-H(-); -H(-)
195,162.07681591018618,2927.5070542880876,C6H13NO4,-H(-)
196,163.04012076264806,26835.995476712145,C9H8O3,-H(-)
197,163.06103078655363,90144.73008732776,C6H12O5,-H(-)
198,164.03945613811882,24090.178100543144,C5H11NO3S,-H(-)
199,164.0715324887905,1578107.1308153851,C9H11NO2,-H(-)
200,165.01939909866937,16754.951197827468,C8H6O4,-H(-)
201,165.04170520621943,22196.45210023131,C6H14OS2; C6H6N4O2,-H(-); -H(-)
202,165.0560391498324,14641.404795503568,C9H10O3,-H(-)
203,165.0750901510118,174666.51000561012,C10H14S,-H(-)
204,165.9793545214458,7474.756585101258,C7H5NS2,-H(-)
205,166.96451748695355,1525.0018673214408,C3H4O6S,-H(-)
206,167.02114420524256,548203.1695648219,C5H4N4O3,-H(-)
207,167.144091226145,2956.4667227055743,C11H20O,-H(-)
208,167.99601663372582,8758.602224988092,C3H7NO5S,-H(-)
209,168.07785473867222,8037.061313768259,C7H11N3O2,-H(-)
210,169.0657473543559,23089.609401807993,C12H10O,-H(-)
211,169.09821082681296,2477.3995600278367,C8H14N2O2,-H(-)
212,169.1232222849303,7702.027575066333,C10H18O2,-H(-)
213,170.05752294345544,3439.8614548972696,C6H9N3O3,-H(-)
214,171.04185302708683,3626.0703227187573,C6H8N2O4,-H(-)
215,171.06646203192898,17307.68506937589,C8H12O4,-H(-)
216,171.0772638617377,6813.5702762073,C7H12N2O3,-H(-)
217,171.10264916082764,19046.738896952073,C9H16O3,-H(-)
218,171.1390193411612,35982.28399129175,C10H20O2,-H(-)
219,172.00113412019883,1775.8815126685954,C6H5O6,-H(-)
220,172.04121943124358,4262.655166176142,C10H7NO2,-H(-)
221,172.0612782429818,4480.332869036802,C7H11NO4,-H(-)
222,172.09755478452166,6321.5196780272,C8H15NO3,-H(-)
223,172.8996758652783,2613.192574762167,C2H6S2Se,-H(-)
224,172.9912152861822,184903.51739840276,C6H6O4S,-H(-)
225,173.04457790504185,34849.49325599769,C7H10O5,-H(-)
226,173.08252814368296,25661.873404726073,C8H14O4,-H(-)
227,173.10433609565146,448482.2435577652,C6H14N4O2,-H(-)
228,174.00594671391283,9016.350225489485,C6H9NOS2,-H(-)
229,174.039925393635,7101.27573011207,C6H9NO5,-H(-)
230,174.05607018757084,5985.066541416027,C10H9NO2,-H(-)
231,174.0781377250459,3051.4857740609978,C7H13NO4,-H(-)
232,174.08852581728857,5881.649264245341,C6H13N3O3,-H(-)
233,175.02470472839786,4573.6168421964285,C6H8O6,-H(-)
234,175.03965909529285,2733.5307649323354,C10H8O3,-H(-)
235,175.06140630396519,5815.996713741046,C7H12O5,-H(-)
236,175.07633860392679,9314.609830231771,C11H12O2,-H(-)
237,175.0880798271564,3099.751046160932,C10H12N2O,-H(-)
238,177.02206783307759,4921.271619017316,C6H10O4S,-H(-)
239,177.05542847813578,8201.187191767396,C10H10O3,-H(-)
240,177.0919066038482,5681.964463070347,C11H14O2,-H(-)
241,178.07176473087063,4583.410589597413,C6H13NO5,-H(-)
242,178.08627729775088,4965.095875632142,C10H13NO2,-H(-)
243,179.03552714722818,6983.625124759618,C9H8O4,-H(-)
244,179.05763157570624,116630.59298928028,C7H8N4O2,-H(-)
245,179.07174185765234,41113.44637905936,C10H12O3,-H(-)
246,179.10698536518711,4651.93425912951,C11H16O2,-H(-)
247,180.03012933323396,13497.238959943084,C8H7NO4,-H(-)
248,180.06649030580908,1454108.7996202752,C9H11NO3,-H(-)
249,180.1403556020961,14954.330869119753,C11H19NO,-H(-)
250,180.9405412213333,56005.239815674875,C4H6O3Se,-H(-)
251,181.03693140348958,8997.25608768298,C6H6N4O3,-H(-)
252,181.15995015169844,1852.742962690848,C12H22O,-H(-)
253,181.99209650657656,3404.8089390850737,C7H5NO3S,-H(-)
254,182.0091883170376,5149.595923040074,C7H5NO5,-H(-)
255,182.0462575942702,8464.034299253335,C8H9NO4,-H(-)
256,182.07187151316322,18291.060173388385,C11H9N3,-H(-)
257,182.97181661089945,2114.6200282468935,C3H5O7P,-H(-)
258,183.02941520351075,4122.806892580674,C8H8O5,-H(-)
259,183.10267924366082,6418.060266276415,C10H16O3,-H(-)
260,183.11427068405393,2093.871031066877,C9H16N2O2,-H(-)
261,183.13888069466245,6448.112311110136,C11H20O2,-H(-)
262,184.00188570028482,3066.1581726146323,C3H8NO6P,-H(-)
263,184.02432338228337,2128.971547400027,C7H7NO5,-H(-)
264,184.07261238174317,1809.046394707569,C7H11N3O3,-H(-)
265,184.09758208861308,6022.161134945416,C9H15NO3,-H(-)
266,185.03761792441725,1814.1608254369016,C9H11ClO2,-H(-)
267,185.05898304442067,3369.589222243372,C12H10O2,-H(-)
268,185.07217995147792,12323.491174285364,C11H10N2O,-H(-)
269,185.0972074319251,10730.969961819674,C13H14O,-H(-)
270,185.11808909715353,9926.222652546146,C10H18O3,-H(-)
271,185.15461404802426,9820.757008352797,C11H22O2,-H(-)
272,186.055852621083,5464.784265706427,C11H9NO2,-H(-)
273,186.11366733686597,2432.7362610474875,C9H17NO3,-H(-)
274,187.00712370109053,829809.6267578603,C7H8O4S,-H(-)
275,187.0974491030678,28231.160726709895,C9H16O4,-H(-)
276,187.1341417209109,10064.490940982736,C10H20O3,-H(-)
277,188.05751921583362,10125.769672869066,C8H15NS2,-H(-)
278,188.98620984511115,90821.89792992029,C6H6O5S,-H(-)
279,189.00350002520688,55260.44344952158,C6H6O7,-H(-)
280,189.01872315012966,18920.656006228386,C10H6O4,-H(-)
281,189.04055462370746,24555.948388259436,C7H10O6; C8H14OS2,-H(-); -H(-)
282,189.07704974540255,7205.97895800129,C8H14O5,-H(-)
283,189.12864435207229,2165.8093588339925,C13H18O,-H(-)
284,190.05058778293525,8583.360585287637,C10H9NO3,-H(-)
285,190.06879476675996,2463.7251372893807,C11H13NS,-H(-)
286,191.01976201263702,69708.60689941955,C6H8O7,-H(-)
287,191.0561897727633,16223.51449655127,C7H12O6,-H(-)
288,191.07072958743248,4527.323830126457,C11H12O3,-H(-)
289,191.107817131659,3924.9254665131184,C12H16O2,-H(-)
290,191.14381417719505,2032.05001612377,C13H20O,-H(-)
291,192.02997705867958,3156.33204973878,C9H7NO4,-H(-)
292,193.0355087863905,2368.627855415599,C6H10O7,-H(-)
293,193.05068771803448,3535.9263745054827,C10H10O4,-H(-)
294,193.07283992668667,4415.053284428863,C8H10N4O2; C8H18OS2,-H(-); -H(-)
295,194.04564691439398,24086.963947063938,C9H9NO4,-H(-)
296,194.1185556923119,962.063174027796,C11H17NO2,-H(-)
297,194.99689082946836,2626.3583378365524,C5H8O6S,-H(-)
298,195.0306149945387,5408.735536235428,C9H8O5,-H(-)
299,195.05194477619742,23929.77315370641,C6H12O7; C7H8N4O3,-H(-); -H(-)
300,195.06624210757963,11548.05418583772,C10H12O4,-H(-)
301,195.11269850329396,3657.8556002474725,C10H16N2O2,-H(-)
302,195.98949844937,8681.344026145654,C5H11NO2Se,-H(-)
303,196.02567479061804,3204.637198704105,C8H7NO5,-H(-)
304,196.11180161637827,1614.1997593804567,C14H15N,-H(-)
305,197.01039350480863,2748.866819652576,C8H6O6,-H(-)
306,197.06400331944423,16646.47091314235,C10H14O2S,-H(-)
307,197.06721851881514,21552.549661702098,C7H10N4O3,-H(-)
308,197.08226822594077,9148.619711268593,C10H14O4,-H(-)
309,197.09414371076812,3891.5707697877924,C9H14N2O3,-H(-)
310,197.15436997947126,8669.743164810012,C12H22O2,-H(-)
311,198.05098454075141,1590.716414562475,C7H9N3O4,-H(-)
312,199.00686432677077,22154.86845590983,C8H8O4S,-H(-)
313,199.03796078444236,15045.167745449127,C7H13KO4,-H(-)
314,199.0970733986043,8616.777404206734,C10H16O4,-H(-)
315,199.13405406336423,13064.897183957162,C11H20O3,-H(-)
316,199.1706976702885,377184.87828737305,C12H24O2,-H(-)
317,199.96934871099546,1147.837814541462,C3H7NO5S2,-H(-)
318,200.1297520752631,2409.418600120653,C10H19NO3,-H(-)
319,201.02356369586008,7124.618960096436,C8H10O4S,-H(-)
320,201.0896348383681,6172.861784628141,C8H14N2O4,-H(-)
321,201.1130306746868,12655.553084034827,C10H18O4,-H(-)
322,201.12484455915992,3495.499710921625,C9H18N2O3,-H(-)
323,201.1494805362192,2907.9305807089936,C11H22O3,-H(-)
324,202.10896762253873,2449.1156875499623,C9H17NO4,-H(-)
325,203.00176006155203,50911.87641500097,C7H8O5S,-H(-)
326,203.02050718389208,26384.219714911706,C7H8O7,-H(-)
327,203.0563972393983,32707.528239534742,C8H12O6,-H(-)
328,203.0827336299765,1588851.1657101596,C11H12N2O2,-H(-)
329,204.0664126995356,13151.983304229767,C11H11NO3,-H(-)
330,205.0339602954117,3306.2243680539336,C11H10O2S,-H(-)
331,205.0717051744323,5556.047397392336,C8H14O6; C9H18OS2,-H(-); -H(-)
332,205.15969720097985,218324.73853555857,C14H22O,-H(-)
333,206.05035440241275,12345.465589345407,C7H13NO4S,-H(-)
334,206.10285112494824,1833.0394924078644,C8H17NO5,-H(-)
335,206.99562968202147,2510.2174273719193,C7H12OS3,-H(-)
336,207.02986441904278,3023.6565543201905,C10H8O5,-H(-)
337,207.0872762493499,7454.400620521707,C8H16O6,-H(-)
338,207.1141118671064,2040.078996790596,C11H16N2O2,-H(-)
339,207.13887127930983,23814.65206095791,C13H20O2,-H(-)
340,208.01457903859676,1995.0368420552602,C4H8N3O5P,-H(-)
341,208.11000110014226,1450.0191802149004,C10H15N3O2,-H(-)
342,208.16957404050112,776.66276983166,C13H23NO,-H(-)
343,209.04545518730032,8263.312723709345,C10H10O5,-H(-)
344,209.08134027114627,10029.065135293453,C11H14O4,-H(-)
345,209.11741751051957,4105.253462129217,C12H18O3,-H(-)
346,209.12974463357526,3042.6410690054795,C11H18N2O2,-H(-)
347,209.1548234654196,30411.359966853008,C13H22O2,-H(-)
348,210.06380207285977,1703.0609249446168,C7H9N5O3,-H(-)
349,210.07656877137464,3404.442828652828,C10H13NO4,-H(-)
350,210.13290207835198,686.5945809714617,C12H21NS,-H(-)
351,211.01924272167898,2142.698358474657,C8H8N2O3S,-H(-)
352,211.08303698001293,4459.579756052633,C7H16O7; C8H12N4O3,-H(-); -H(-)
353,211.0970805786726,5301.672904540663,C11H16O4,-H(-)
354,211.1340667505954,14174.215814368632,C12H20O3,-H(-)
355,211.1699816314713,3034.2675116610653,C13H24O2,-H(-)
356,212.0021833408335,36770.19541282708,C8H7NO4S,-H(-)
357,212.07390173620897,3419.2598431958118,C10H15NO2S,-H(-)
358,213.00617932469441,5495.668876199158,C5H10O7S,-H(-)
359,213.02241699666112,10214.468022416117,C9H10O4S,-H(-)
360,213.04163456872624,3221.603641272168,C9H10O6,-H(-)
361,213.0596303797111,2476.178414450999,C10H14O3S,-H(-)
362,213.11330024566124,4762.106239891938,C11H18O4,-H(-)
363,213.1494604066186,7412.305016414758,C12H22O3,-H(-)
364,213.18597005662676,9980.719876342513,C13H26O2,-H(-)
365,214.0744359135307,2909.9239370402083,C10H9N5O,-H(-)
366,214.10846009375229,1423.4387213149648,C10H17NO4,-H(-)
367,214.14517590342246,1890.0327116987646,C11H21NO3,-H(-)
368,215.00334492974045,41226.9376138017,C8H8O5S,-H(-)
369,215.16535520678255,5473.143985515977,C12H24O3,-H(-)
370,217.10820978788837,9489.888868573118,C10H18O5,-H(-)
371,217.11882564839362,4385.386052389957,C9H18N2O4,-H(-)
372,217.15886369843506,1562.7566599902768,C15H22O,-H(-)
373,219.0660314748795,4006.2197007458158,C12H12O4,-H(-)
374,219.07750148075442,9895.045256064892,C11H12N2O3,-H(-)
375,219.10243630721527,5542.129730959151,C13H16O3,-H(-)
376,219.13872957430945,6503.810493033386,C14H20O2,-H(-)
377,219.1752740286717,2346.9665911335496,C15H24O,-H(-)
378,220.1466146154844,3334.7418417622903,C12H19N3O,-H(-)
379,221.06597943757455,24011.000324204575,C8H14O7,-H(-)
380,221.08170994150004,9696.031504499271,C12H14O4,-H(-)
381,221.11810127097877,4967.29894575103,C13H18O3,-H(-)
382,221.12957067289364,2086.375104306371,C12H18N2O2,-H(-)
383,221.15488405148463,18642.18950943396,C14H22O2,-H(-)
384,223.10846515122364,2385.515901855044,C11H16N2O3,-H(-)
385,223.13397881406803,11675.124221045005,C13H20O3,-H(-)
386,223.16999790679353,5412.89175979624,C14H24O2,-H(-)
387,224.078407551314,20119.259732623133,C8H11N5O3,-H(-)
388,225.04039406445622,5292.604085566718,C10H10O6,-H(-)
389,225.1247832734894,3681.050825751769,C11H18N2O3,-H(-)
390,225.14964658654964,4816.407086114105,C13H22O3,-H(-)
391,225.1657498367736,4915.927211695504,C17H22,-H(-)
392,225.18600780387504,20540.658139688414,C14H26O2,-H(-)
393,225.22173441779458,1424.035048029583,C15H30O,-H(-)
394,226.03489001458576,2291.188359007975,C9H9NO6,-H(-)
395,226.08305250392533,4373.433378465449,C9H13N3O4,-H(-)
396,226.11014442707068,1700.0526019039423,C12H13N5,-H(-)
397,227.00247579909342,20969.549447590776,C9H8O5S,-H(-)
398,227.03803231574375,4824.424068629593,C10H12O4S,-H(-)
399,227.06905590894561,7583.961841144323,C10H8N6O,-H(-)
400,227.08033765490924,4403.853469890125,C8H12N4O4,-H(-)
401,227.09240092484197,7735.2839770789915,C11H16O5,-H(-)
402,227.20158638314504,146435.91643686502,C14H28O2,-H(-)
403,228.16055715050445,1601.5198303555737,C12H23NO3,-H(-)
404,229.03783117790312,3859.2883573014697,C10H14O2S2,-H(-)
405,229.07446021915678,6944.689222524432,C11H10N4O2,-H(-)
406,229.11992361313887,2777.831517110679,C10H18N2O4,-H(-)
407,229.14438395173474,6079.807364283041,C12H22O4,-H(-)
408,229.18099787068144,2868.9545395149216,C13H26O3,-H(-)
409,230.01276327014435,23655.448504672986,C8H9NO5S,-H(-)
410,230.99672938802144,15849.818803200122,C8H8O6S,-H(-)
411,231.01501892237061,7332.778207404305,C8H8O8,-H(-)
412,231.0490380137086,4335.862021352701,C13H12O2S,-H(-)
413,231.09937365799374,3088.477325322875,C9H16N2O5,-H(-)
414,231.13918652743607,1484.6122856203654,C15H20O2,-H(-)
415,231.17450530734536,1264.2715746948418,C16H24O,-H(-)
416,232.04498476979956,3693.6697175297927,C12H11NO2S,-H(-)
417,232.11914841499188,1044.6356350174724,C10H19NO5,-H(-)
418,232.9755033577748,3350.575754968846,C7H6O7S,-H(-)
419,233.01068003291874,9609.211875421795,C12H10OS2,-H(-)
420,233.06665658352395,5063.325030368259,C9H14O7,-H(-)
421,233.15482353462818,31030.959732946278,C15H22O2,-H(-)
422,234.1123807057582,1160.7786673128655,C13H17NO3,-H(-)
423,235.04506605292428,2285.854546773234,C8H12O8,-H(-)
424,235.0620530164938,2467.6469538367287,C12H12O5,-H(-)
425,235.07269446327177,4921.847713213996,C11H12N2O4,-H(-)
426,235.0828806087895,4255.727620767331,C10H12N4O3,-H(-)
427,235.09779937580763,3357.932235178218,C13H16O4,-H(-)
428,235.13394168176055,16011.616698693779,C14H20O3,-H(-)
429,235.17020887248037,5367.54741812976,C15H24O2,-H(-)
430,236.02298723048526,2673.2882221313303,C7H11NO6S,-H(-)
431,236.05584161954238,1435.2506650072605,C11H11NO5,-H(-)
432,236.07733943052003,4443.732627019316,C8H15NO7,-H(-)
433,237.0346355545114,1909.2965518095637,C10H10N2O3S,-H(-)
434,237.04038014309955,2261.94609954687,C11H10O6,-H(-)
435,237.06163217335694,2291.7070567421083,C8H14O8,-H(-)
436,237.09147521671107,3143.4744646698387,C16H14O2; C8H18N2O4S,-H(-); -H(-)
437,237.0980786932995,2251.4996111260803,C9H18O7,-H(-)
438,237.14984884220726,8148.996633671996,C14H22O3,-H(-)
439,237.222655361012,1999.4160663158225,C16H30O,-H(-)
440,238.0580105633786,3179.4440378388895,C8H9N5O4,-H(-)
441,238.0935139309306,2772.577923832129,C8H17NO7,-H(-)
442,238.14573733284502,1345.3402730721748,C13H21NO3,-H(-)
443,238.97751400532016,3639.00097879566,C6H9O6PS,-H(-)
444,239.01671639890165,367813.09479502664,C6H12N2O4S2,-H(-)
445,239.20053472999854,4380.157811454267,C15H28O2,-H(-)
446,240.10036144750893,2711.064220306368,C10H15N3O4,-H(-)
447,240.11006323058487,1277.3728177910482,C9H15N5O3,-H(-)
448,240.1612215568701,919.3095090657316,C13H23NO3,-H(-)
449,240.9924206548662,2677.2684258146287,C6H11O6PS,-H(-)
450,241.0126717951728,33850.49974119974,C6H11O8P,-H(-)
451,241.0712031007935,7213.673281117894,C11H14O6,-H(-)
452,241.08607545601984,8172.045322751638,C15H14O3,-H(-)
453,241.14450366787875,8091.325302528571,C13H22O4,-H(-)
454,241.15898390714986,7973.469306860317,C17H22O,-H(-)
455,241.17995096377498,6184.506414371486,C14H26O3,-H(-)
456,241.2173849300179,47089.952509434,C15H30O2,-H(-)
457,242.07830009844145,7895.732862098457,C9H13N3O5,-H(-)
458,242.15090436523025,2441.161674754158,C11H21N3O3,-H(-)
459,242.1763590659141,9539.093997810165,C13H25NO3,-H(-)
460,242.99610138979804,4834.648670387054,C9H8O6S,-H(-)
461,243.03492348086073,5669.916430643088,C10H12O5S,-H(-)
462,243.06162741485628,20600.719197362698,C9H12N2O6,-H(-)
463,243.10305524671665,11346.997522920585,C15H16O3,-H(-)
464,243.13474852099952,3865.1251687569447,C11H20N2O4,-H(-)
465,243.1602098526276,4779.242872466605,C13H24O4,-H(-)
466,243.1968725670674,4384.784162521263,C14H28O3,-H(-)
467,244.0993620600553,1836.3525660192397,C14H15NO3,-H(-)
468,244.12861516371302,2477.050585258938,C10H19N3O4,-H(-)
469,244.16655250082715,6103.159836560501,C11H23N3O3,-H(-)
470,245.1137152546732,3835.6570449486635,C10H18N2O5,-H(-)
471,245.13940004852168,3826.0768499424553,C12H22O5,-H(-)
472,245.15433377429764,1954.5532719295686,C16H22O2,-H(-)
473,246.00671697055083,6750.649414778551,C8H9NO6S,-H(-)
474,247.06114725262574,10727.986944171947,C13H12O5,-H(-)
475,247.09869034429337,2798.3343045117467,C14H16O4,-H(-)
476,247.10904803529098,3028.120157773595,C13H16N2O3,-H(-)
477,247.11877671644845,3291.9987437919535,C11H20O6,-H(-)
478,247.1337008012121,1827.1676873182942,C15H20O3,-H(-)
479,247.17033296314762,4161.976396319962,C16H24O2,-H(-)
480,248.04814883674854,4944.594262236901,C8H13N2O5S,-H(-)
481,248.05635624976276,4123.827956333465,C12H11NO5,-H(-)
482,248.07956457085598,3842.873908848592,C10H19NO2S2,-H(-)
483,248.1644689190413,959.4858820626091,C15H23NO2,-H(-)
484,248.2020587168159,552.8139290319082,C16H27NO,-H(-)
485,249.0982277926694,6391.296597821661,C10H18O7,-H(-)
486,249.1126599375791,3807.2823177609644,C14H18O4,-H(-)
487,249.14990827010467,5655.175925268166,C15H22O3,-H(-)
488,249.1862341940446,3808.549230434164,C16H26O2,-H(-)
489,250.09338662945677,5633.959667084461,C9H17NO7,-H(-)
490,251.0919632334824,3774.907526406022,C13H16O5,-H(-)
491,251.12883174900458,5531.480138297411,C14H20O4,-H(-)
492,251.16576653408927,2382.715541544301,C15H24O3,-H(-)
493,253.21735378313164,272468.9777532657,C16H30O2,-H(-)
494,254.04460615333724,3016.8853293191987,C9H10ClN5O2,-H(-)
495,254.98403497273173,6227.298948842651,C6H8O9S,-H(-)
496,254.99055696980056,3826.8551655235524,C6H9O9P,-H(-)
497,254.997087835771,3702.255499793774,C10H8O6S,-H(-)
498,255.0336080142556,4447.771780393417,C11H12O5S,-H(-)
499,255.10478504842735,7729.046603583235,C13H16O4; C9H23NO3PS,.F(-); -H(-)
500,255.11379490382882,8103.8911779342225,C15H16N2O2,-H(-)
501,255.1491495819963,9505.604588308322,C16H20N2O,-H(-)
502,255.1604093460396,13912.327175386656,C14H24O4,-H(-)
503,256.0654343833595,8220.706359900205,C11H15NO4S,-H(-)
504,256.0935185611109,6309.565503081988,C10H15N3O5,-H(-)
505,256.10568270401325,4685.465143463551,C9H15N5O4,-H(-)
506,256.15535513207726,5095.459284288399,C13H23NO4,-H(-)
507,256.1918556838819,12501.916138677689,C14H27NO3,-H(-)
508,266.119370615901,3893.14130016654,C17H17NO2,-H(-)
509,269.21248950864765,20471.258351669076,C16H30O3,-H(-)
510,271.1921794341417,3490.0745344729403,C15H28O4,-H(-)
511,273.04248105682126,2711.5863383310707,C11H14O6S,-H(-)
512,277.1813179312966,21369.67214360487,C17H26O3,-H(-)
513,277.2171063969164,87777.72824434366,C18H30O2,-H(-)
514,278.10342652622995,1844.3828799622918,C14H17NO5,-H(-)
515,278.12426111818576,8217.412255160776,C11H21NO7,-H(-)
516,279.0613608852381,6274.708453852956,C13H16N2OS2,-H(-)
517,279.07944845622745,3661.837781682402,C13H16N2O3S,-H(-)
518,279.1242062180787,5481.313497348823,C15H20O5,-H(-)
519,279.1613373125173,5666.89354682355,C16H24O4,-H(-)
520,279.186477802403,15756.205063231924,C19H24N2,-H(-)
521,279.233051584843,1311578.1203628452,C18H32O2,-H(-)
522,280.1036632778296,6799.584602258869,C10H19NO8,-H(-)
523,281.08633685251573,5543.438491519143,C10H18O9,-H(-)
524,281.1045874013451,6997.489721903484,C15H14N4O2,-H(-)
525,281.11921983843934,4644.9904348474765,C18H18O3,-H(-)
526,281.1399649146126,6481.133817347664,C15H22O5,-H(-)
527,281.15584339786744,4514.753165087819,C19H22O2,-H(-)
528,281.1749374103231,7270.902450922986,C16H26O4,-H(-)
529,282.0985037594161,3443.6128365570294,C11H15N4O5,-H(-)
530,282.17134788831453,2978.5253489313095,C15H25NO4,-H(-)
531,283.07667773578567,7443.632348797226,C12H16N2O4S; C20H12O2,-H(-); -H(-)
532,283.0957293187966,7336.385336273555,C17H16O4,-H(-)
533,283.2300562760659,89803.27682009933,C17H32O3,-H(-)
534,284.0694834449624,5017.078184880077,C16H13O5,-H(-)
535,284.0973634098539,7786.298522578935,C13H19NO4S,-H(-)
536,284.122480876156,11059.653665765174,C16H19N3S,-H(-)
537,284.15057115553975,6018.7620353455395,C15H19N5O,-H(-)
538,284.18610325748284,5061.231270686329,C15H27NO4,-H(-)
539,284.2240894165732,15446.684767624898,C16H31NO3,-H(-)
540,285.11260952821937,7032.241048495471,C17H18O4,-H(-)
541,285.17229942691813,4352.319182823838,C16H22N4O,-H(-)
542,285.20717135377413,6038.086746664667,C16H30O4,-H(-)
543,285.2230867319397,4290.667964111115,C20H30O,-H(-)
544,285.2442699572953,6000.934380040566,C17H34O3,-H(-)
545,287.07653246340044,3625.964335573876,C12H16O8,-H(-)
546,287.1043991602023,7213.849059526587,C15H16N2O4,-H(-)
547,287.14702528368014,5304.56001967667,C10H20N6O4,-H(-)
548,287.1642578993255,2531.6527801003776,C18H24O3,-H(-)
549,287.1857942806503,2196.505987031066,C15H28O5,-H(-)
550,287.20150310456194,1462.3111810934524,C19H28O2,-H(-)
551,287.22321304248015,3658.9416778493933,C16H32O4,-H(-)
552,287.2767870524888,1277.4302656972502,C21H36,-H(-)
553,288.12406424327145,4956.130186158899,C16H19NO4,-H(-)
554,289.04700397844016,4427.195591241942,C14H14N2OS2,-H(-)
555,289.0839956639827,3478.4987241302,C14H14N2O5,-H(-)
556,289.10497298742393,3205.3635017668857,C11H18N2O7,-H(-)
557,289.13034314474726,4374.651081677756,C14H18N4O3,-H(-)
558,289.2177701421299,1207.9137113216052,C19H30O2,-H(-)
559,290.1245358788893,1244.5824401207735,C13H25NO2S2,-H(-)
560,291.0886936647497,3301.238597939546,C15H16O6,-H(-)
561,291.1016848832522,6094.463888024353,C11H20N2O5S; C19H16O3,-H(-); -H(-)
562,291.1237933054858,5791.7308704107945,C16H20O5,-H(-)
563,291.16070006045,3183.9509871039872,C17H24O4,-H(-)
564,291.18185865899625,2535.8231928923537,C14H28O6,-H(-)
565,291.19673601912086,20815.809850122463,C18H28O3,-H(-)
566,291.2315482856282,1888.1260279286953,C19H32O2,-H(-)
567,292.1398934869964,9717.227552332197,C12H23NO7,-H(-)
568,292.19255219325,2167.3796802459406,C17H27NO3,-H(-)
569,293.04305254006493,4849.8381311204175,C13H14N2O2S2,-H(-)
570,293.10350647788607,3058.2075114704985,C15H18O6,-H(-)
571,293.1233739830513,3508.5433244965884,C12H22O8,-H(-)
572,293.21128617352053,5372.542915824565,C18H30O3,-H(-)
573,293.9420788519075,956.7878350225927,C7H6ClN3O4S2,-H(-)
574,294.15222296289085,1487.454858105823,C16H25NO2S,-H(-)
575,294.96362092311534,1933.4663883793312,C14H4N2O2S2,-H(-)
576,295.0837627040926,2319.2426901009308,C15H12N4O3,-H(-)
577,295.11878687136306,3972.379663328446,C15H20O6,-H(-)
578,295.1559889524116,16399.812848059046,C16H24O5,-H(-)
579,295.22794437507144,14141.334252327888,C18H32O3,-H(-)
580,295.2641748006795,8014.953326833641,C19H36O2,-H(-)
581,297.0985346185279,3416.636147296808,C14H18O7,-H(-)
582,297.1140473845453,3143.8927633660082,C18H18O4,-H(-)
583,297.1347224924114,16151.972580360465,C15H22O6,-H(-)
584,297.16954379239485,7217.704614886272,C16H26O5,-H(-)
585,297.2421672474775,42150.57299274313,C18H34O3,-H(-)
586,298.06756774689023,1995.2494534661944,C15H13N3O2S,-H(-)
587,299.12165743662894,6408.02789837386,C17H20N2OS,-H(-)
588,299.20197703624206,8767.230130209095,C20H28O2,-H(-)
589,299.2590795909304,16044.153633236572,C18H36O3,-H(-)
590,300.0393460317445,6209.881059059775,C8H15NO9S,-H(-)
591,300.9956251969914,1946.2747653452827,C8H15O6PS2,-H(-)
592,301.16642413968316,7526.759339860757,C15H26O6,-H(-)
593,301.19950063739014,3471.0749311621234,C12H26N6O3,-H(-)
594,301.2173133903323,15493.561242969301,C20H30O2,-H(-)
595,302.1350165695436,1766.4242887483417,C12H21N3O6,-H(-)
596,302.185777418889,1101.0016652958177,C17H25N3O2; C19H26O3,-H(-); -H(-) [+1]
597,303.040378970112,1660.6535735700586,C10H13N2O7P,-H(-)
598,303.0695083619352,2869.7394927634805,C16H16O4S,-H(-)
599,303.0881857004769,2072.177388594062,C16H16O6,-H(-)
600,303.09308232574443,1916.1041850103325,C12H21N2O3PS,-H(-)
601,303.1963023422562,4092.709596236124,C19H28O3,-H(-)
602,303.23311922546816,109034.77577489107,C20H32O2,-H(-)
603,304.1169585750784,1447.0735120836853,C16H19NO5,-H(-)
604,305.1026341516908,2655.091770992409,C16H18O6,-H(-)
605,305.13960044743817,2108.791606222574,C17H22O5,-H(-)
606,305.24845669511103,28779.698040104828,C20H34O2,-H(-)
607,306.0269039411895,1563.6159595984645,C5H15N3O8P2,-H(-)
608,306.11047760100644,3167.656803863197,C14H17N3O5,-H(-)
609,306.11494317697657,2854.81970910206,C19H17NO3,-H(-)
610,306.1717696444158,1186.855101999951,C17H25NO4,-H(-)
611,307.11906403060925,9091.364872626982,C16H20O6,-H(-)
612,307.156856020975,3324.28824579667,C17H24O5,-H(-)
613,307.171606887802,1729.336285376012,C21H24O2,-H(-)
614,307.1911788702702,2246.1292934081325,C18H28O4,-H(-)
615,307.2642937963846,18322.63493779751,C20H36O2,-H(-)
616,308.07085613352905,1961.36731348046,C13H15N3O4S,-H(-)
617,308.10219032089924,4966.366057857962,C14H17N2O6,-H(-)
618,308.1866399944414,771.083441792676,C17H27NO4,-H(-)
619,308.9774712219474,6515.677500149565,C5H12O11P2,-H(-)
620,309.0186427547178,2447.2917764987897,C14H15O2PS2,-H(-)
621,309.0553266174703,6302.346303941966,C16H11ClN4O,-H(-)
622,309.097442829163,3789.0891755152816,C15H18O7,-H(-)
623,309.1717455865621,21165.930641509418,C17H26O5,-H(-)
624,309.27996057050694,21159.470570253234,C20H38O2,-H(-)
625,310.0966359658628,2871.108742099446,C11H21NO7S,-H(-)
626,310.2045419120372,1129.3909534511527,C17H29NO4,-H(-)
627,311.16866520975714,60184.387771271744,C17H28O3S,-H(-)
628,311.22310291156066,10382.849676383907,C18H32O4,-H(-)
629,311.29586765230704,20475.683875326537,C20H40O2,-H(-)
630,312.08679390601026,1341.8387962159975,C17H15NO5,-H(-)
631,312.2567181318203,1137.2473800990135,C18H35NO3,-H(-)
632,313.03749682009965,2560.613434552064,C13H14O7S,-H(-)
633,313.05141080427137,4070.3931649769474,C10H19O7PS,-H(-)
634,313.10711142332246,4948.598591771469,C18H18O5,-H(-)
635,313.16598226498445,9473.206268129195,C16H26O6,-H(-)
636,313.19193778988785,40760.11751397631,C19H26N2O2,-H(-)
637,313.23757081435394,7810.007051572704,C18H34O4,-H(-)
638,314.05997703706,1641.542790298617,C15H13N3O3S,-H(-)
639,314.0974693509094,9462.11599319861,C16H17N3O2S,-H(-)
640,314.12218521739896,4783.97845051528,C10H17N7O5,-H(-)
641,314.16135019414145,2487.7229961143726,C16H21N5O2,-H(-)
642,315.1447611578802,5243.022834800778,C15H24O7,-H(-)
643,315.1595580272166,3783.9466871117843,C19H24O4,-H(-)
644,315.19595114080914,8296.542972376605,C20H28O3,-H(-)
645,315.25414577049247,3717.780361259242,C18H36O4,-H(-)
646,316.192413792095,3302.5198039603924,C19H27NO3,-H(-)
647,316.21141104455285,1907.7196992036468,C16H31NO5,-H(-)
648,317.1758428372998,2744.5042545790725,C19H26O4,-H(-)
649,317.2266660998558,11440.722510691234,C24H30,-H(-)
650,318.08727959050134,3232.5244845619495,C9H23NO7P2,-H(-)
651,319.00749100387344,2196.1150621797115,C14H8O9,-H(-)
652,319.0286760755465,2164.8794590911025,C15H12O6S,-H(-)
653,319.0332317326621,1988.1410737767455,C10H13N2O8P,-H(-)
654,319.0827320619685,3135.028063817332,C16H16O7,-H(-)
655,320.1118960614798,1606.1964356911271,C16H19NO6,-H(-)
656,321.04113626508473,1779.979201724859,C18H10O6,-H(-)
657,321.09912119339066,3321.91227960586,C19H16NO4,-H(-)
658,321.15452945004125,2622.387188106914,C14H26O8,-H(-)
659,323.11409996564856,3264.1732372235433,C16H20O7,-H(-)
660,323.1293659068128,2048.2607278485434,C20H20O4,-H(-)
661,323.1509291377493,2925.9806029197666,C17H24O6,-H(-)
662,323.177103228881,3040.5643462730463,C20H24N2O2,-H(-)
663,323.1871797534926,5725.33381472455,C18H28O5,-H(-)
664,324.0220117129915,1562.0154014019483,C11H11N5O3S2,-H(-)
665,324.13034796474705,1309.8446041125649,C12H23NO9,-H(-)
666,325.1840973384242,65927.29678955008,C18H30O3S,-H(-)
667,325.2171607739153,5510.571057995056,C22H30O2,-H(-)
668,326.08849463685993,8585.471393524256,C14H17NO8,-H(-)
669,326.12427357917824,5517.330967801535,C15H21NO7,-H(-)
670,326.23348767561043,1279.2847401180804,C18H33NO4,-H(-)
671,327.10769758708955,2899.0828518404446,C15H20O8,-H(-)
672,327.1602664316496,3143.8607905964395,C20H24O4,-H(-)
673,327.18138355794264,6537.9588091232745,C18H24N4O2,-H(-)
674,327.2332644765492,31422.822667917735,C22H32O2,-H(-)
675,328.2132317070046,2019.1293875902502,C17H31NO5,-H(-)
676,329.1242850234608,4403.126434199104,C15H22O8,-H(-)
677,329.1389946867596,3483.546477479852,C19H22O5,-H(-)
678,329.1600150576908,5120.72671699786,C16H26O7,-H(-)
679,329.17519901611485,4953.77266257243,C20H26O4,-H(-)
680,329.2128586694153,2654.474914723062,C21H30O3,-H(-)
681,331.0606560473261,3645.3937624719706,C20H12O5,-H(-)
682,331.082845389935,5646.019069407869,C17H16O7,-H(-)
683,331.1549482408058,2642.4926221224705,C19H24O5,-H(-)
684,331.264241659712,12295.36297754388,C22H36O2,-H(-)
685,333.02764247731255,1743.4672173244526,C12H14O9S,-H(-)
686,333.0990894122879,2799.6963791851335,C17H18O7,-H(-)
687,333.1905250239844,2522.437547118645,C16H30O7,-H(-)
688,334.12551220790607,3255.9535977790997,C12H21N3O8,-H(-)
689,335.06033113371143,2277.5314497346703,C16H16O6S,-H(-)
690,335.07780475009156,8557.018577770164,C16H16O8,-H(-)
691,339.07072910431674,3072.616744839171,C15H16O9,-H(-)
692,339.0909057715021,3324.0493453620547,C12H20O11,-H(-)
693,339.11036460416113,3347.114575434422,C16H20O8,-H(-)
694,339.12286307674947,3661.0205621100476,C20H20O5,-H(-)
695,341.1089886594164,6743.448668844111,C12H22O11,-H(-)
696,341.1235816876372,6439.921089606057,C16H22O8,-H(-)
697,341.1402862033805,3906.4755444995026,C20H22O5,-H(-)
698,344.2457215901558,1637.9743584956955,C18H35NO5,-H(-)
699,345.04771226885623,2247.279570542325,C13H14O11,-H(-)
700,345.1713651376092,3099.5810568069523,C20H26O5,-H(-)
701,345.209439976195,2005.7842336347826,C22H26N4,-H(-)
702,345.2430863923519,2500.944515101425,C22H34O3,-H(-)
703,347.1709374032219,3058.1441106008765,C16H28O8,-H(-)
704,347.18689660387963,3618.854673189745,C20H28O5,-H(-)
705,349.076469028556,2369.5683309119063,C13H18O11,-H(-)
706,349.1664679253804,2488.456341925784,C19H26O6,-H(-)
707,349.23719405794384,2151.9354857021467,C21H34O4,-H(-)
708,351.21769591554727,3555.3755049443266,C20H32O5,-H(-)
709,352.08721644178695,4513.116982632775,C16H19NO6S,-H(-)
710,352.1047381900207,2717.0694800205633,C16H19NO8,-H(-)
711,353.08837994526885,4836.373460316695,C16H18O9,-H(-)
712,353.10379521251747,3728.500737716148,C20H18O6,-H(-)
713,353.3429003456715,6531.481401863544,C23H46O2,-H(-)
714,354.2072248900162,2494.264440897912,C22H29NO3,-H(-)
715,355.06655568499525,1813.2960020406115,C15H16O10; C9H17N4O9P,-H(-); -H(-)
716,355.0874206688415,3064.206815560403,C12H20O12,-H(-)
717,355.1025548150384,2328.9879044508,C16H20O9,-H(-)
718,355.11803127276164,2191.4679434370823,C20H20O6,-H(-)
719,355.12598809778837,2840.0458018892014,C13H24O11,-H(-)
720,355.13891021355556,3039.5810760159657,C17H24O8,-H(-)
721,355.1550851729262,2993.618676027091,C21H24O5,-H(-)
722,355.2860140395356,7443.0943197200295,C21H40O4,-H(-)
723,355.32188676990944,1823.9495105901044,C22H44O3,-H(-)
724,357.11859185374146,8627.411249253406,C16H22O9,-H(-)
725,357.13427998112434,3547.188999727299,C20H22O6,-H(-)
726,357.2819978812571,2326.9463659799076,C24H38O2,-H(-)
727,358.1636517715056,1934.218304841709,C20H25NO5,-H(-)
728,359.0771316776688,2184.6379119084645,C18H16O8,-H(-)
729,359.1062897983892,2603.79988005651,C20H21ClO4,-H(-)
730,359.186499333364,2755.6678845689657,C21H28O5,-H(-)
731,359.2951166788635,1519.0680977669817,C24H40O2,-H(-)
732,361.0921123682205,1702.6698080276026,C18H18O8,-H(-)
733,361.16665080194724,3809.5917860748764,C20H26O6,-H(-)
734,363.18233277663967,3744.1385939585293,C20H28O6,-H(-)
735,364.1566673291841,1180.3415568154564,C22H23NO4,-H(-)
736,365.0521151354079,4709.158004422064,C16H14O10,-H(-)
737,365.0948440212294,1962.343188661688,C22H19ClO3,-H(-)
738,365.11396068459584,1628.4514741142016,C20H18N2O5,-H(-)
739,365.13564254620275,4101.548283839857,C17H22N2O7,-H(-)
740,365.13993750336454,3941.715090884271,C22H22O5,-H(-)
741,365.18267122574485,2136.21763689181,C16H30O9,-H(-)
742,365.3428689995304,4476.895560484015,C24H46O2,-H(-)
743,367.0142869560644,3971.071959375212,C15H12O9S,-H(-)
744,367.1577025306549,103544.079397679,C19H28O5S,-H(-)
745,367.24915315211797,7272.52994576556,C21H36O5,-H(-)
746,367.26492115974895,4555.945693336696,C25H36O2,-H(-)
747,369.09659682495186,2154.937862741412,C20H18O7,-H(-)
748,371.04402201077824,1885.974561015561,C15H16O9S,-H(-)
749,371.15023545172494,5588.273015211058,C21H24O6,-H(-)
750,373.09226235108486,2394.543255807074,C19H18O8,-H(-)
751,373.10349844567514,1774.1260625670943,C18H18N2O7,-H(-)
752,375.13023325876685,2098.764443730653,C16H24O10; C17H20N4O6,-H(-); -H(-)
753,375.14587464177646,2398.9438850551924,C20H24O7,-H(-)
754,375.32635126974884,1101.1321445374153,C25H44O2,-H(-)
755,376.0318642490031,1237.428262285491,C16H11NO10,-H(-)
756,377.0882450176188,3236.946739539725,C18H18O9,-H(-)
757,377.1625511157972,6349.924043101626,C20H26O7,-H(-)
758,377.1948076150137,7388.922295565078,C17H26N6O4,-H(-)
759,377.2329657813238,2032.9374088472453,C22H34O5,-H(-)
760,377.2688251243904,1767.0911594437066,C23H38O4,-H(-)
761,378.0476005327662,2613.138830577076,C16H13NO10,-H(-)
762,378.1509572379122,2884.1287734280836,C14H25N3O9,-H(-)
763,379.1609970261683,3447.101777345522,C16H28O10,-H(-)
764,380.15863248062567,1427.2377329375024,C16H23N5O6,-H(-)
765,381.06090255730567,1390.2074582777313,C20H14O8,-H(-)
766,381.1196303227691,1980.5869620420854,C18H22O9,-H(-)
767,381.1371112784538,2541.020465779652,C22H23ClN2O2,-H(-)
768,381.15654715970817,3073.495929859391,C19H26O8,-H(-)
769,381.30156695985954,1813.0197436303747,C23H42O4,-H(-)
770,381.3162440567567,2759.8594700026647,C27H42O,-H(-)
771,381.3743301883764,5738.587033287318,C25H50O2,-H(-)
772,382.0562577344362,1117.387057705487,C12H21N3O5S3,-H(-)
773,382.15223781770504,1313.6169513922835,C19H21N5O4,-H(-)
774,382.1733040426212,1231.817932030116,C16H25N5O6,-H(-)
775,383.07662839303765,2125.535061121473,C20H16O8,-H(-)
776,383.14995155078003,11767.974634533635,C22H24O6,-H(-)
777,383.1705230159969,4214.113086467947,C19H28O8,-H(-)
778,383.31716022053416,2742.9284583987205,C23H44O4,-H(-)
779,383.3531239187087,2332.2146667965926,C24H48O3,-H(-)
780,385.0944589615337,1992.364980663567,C17H18O9; C20H18O8,.F(-); -H(-)
781,385.2600419791428,2147.435843075052,C21H38O6,-H(-)
782,385.3326152643095,918.0955861397929,C23H46O4,-H(-)
783,387.10918059869664,3101.498174647609,C20H20O8,-H(-)
784,387.32737740050305,965.2901565712895,C26H44O2,-H(-)
785,389.0486712387226,1244.6485027098192,C11H19O13P,-H(-)
786,391.1018344747801,1373.298274489909,C19H20O9,-H(-)
787,391.1142910774487,1481.233469340101,C18H20N2O8,-H(-)
788,391.1249632853308,1941.4120907593308,C16H24O11,-H(-)
789,391.2034679595013,4205.920331146746,C24H28N2O3,-H(-)
790,391.22713381783205,3635.525217695978,C26H32O3,-H(-)
791,391.28487737441037,15873.548876992198,C24H40O4,-H(-)
792,393.09712749589886,3684.89121002401,C22H18O7,-H(-)
793,393.1187236666311,2422.2394616652628,C19H22O9,-H(-)
794,394.03669647812325,3957.610508382117,C8H12N2O4Pt,-H(-)
795,394.0424756498718,2932.0399031240013,C16H13NO11,-H(-)
796,395.1129002062642,1947.621883603583,C22H20O7,-H(-)
797,395.2938370530174,2089.701715931647,C27H40O2,-H(-)
798,395.38992856983754,5048.339132973513,C26H52O2,-H(-)
799,396.2179675729661,978.0186297014787,C24H31NO4,-H(-)
800,397.0936908186101,1579.1714645897057,C21H18O8,-H(-)
801,397.1148839339361,1983.60678851127,C18H22O10,-H(-)
802,397.13114218797824,2451.6149155145877,C15H22N6O5S,-H(-)
803,397.3683458421701,1946.9282171176244,C25H50O3,-H(-)
804,397.98894255782886,4219.920686380868,C15H10O11S; C15H14INO4,-H(-) [+1]; -H(-)
805,399.32631157935884,2111.6934187654497,C27H44O2,-H(-)
806,399.3481043288972,1114.115534082421,C24H48O4,-H(-)
807,399.9908385781639,1727.114515791593,C15H13O9S2,-H(-)
808,400.1404366361088,1212.793573422334,C21H23NO7,-H(-)
809,401.0884421387228,4998.254522475112,C20H18O9,-H(-)
810,401.1097531561936,2221.589823000917,C17H22O11,-H(-)
811,401.12466192199383,1827.4425229303322,C21H22O8,-H(-)
812,401.1808461657023,3854.8936935786423,C19H30O9,-H(-)
813,401.216993411869,2928.505951079321,C20H34O8,-H(-)
814,401.23531358010894,1678.6389239857003,C24H34O5,-H(-)
815,401.34273764345573,1922.5920292921448,C27H46O2,-H(-)
816,403.01094946123453,2014.319625552966,C14H16N2O6S3,-H(-)
817,403.12008285144674,1426.5694301998765,C24H20O6,-H(-)
818,403.1402207388174,1542.7127283244583,C21H24O8,-H(-)
819,404.1831963046941,1304.6616211164987,C20H27N3O6,-H(-)
820,409.05860187662427,1562.2350401577137,C21H14O9,-H(-)
821,409.12767169520953,1638.4939665988343,C23H22O7,-H(-)
822,409.1497807660381,2078.152212108241,C20H26O9,-H(-)
823,409.1785534992944,2535.8340379704932,C23H26N2O5,-H(-)
824,409.2365625881658,7009.383735879177,C19H39O7P,-H(-)
825,409.406048803384,1865.9381304972387,C27H54O2,-H(-)
826,411.348493569497,2963.158569464918,C25H48O4,-H(-)
827,415.1038065997596,4116.969540546035,C21H20O9,-H(-)
828,415.3227688487851,5648.072183977432,C27H44O3,-H(-)
829,415.358664936992,18595.09992194592,C28H48O2,-H(-)
830,424.19672834417923,1818.1444871801812,C21H31NO8,-H(-)
831,427.19855119423136,3084.9163485817876,C21H32O9,-H(-)
832,427.2860258657877,1631.692526253019,C27H40O4,-H(-)
833,429.1551285579338,7419.968779554302,C23H26O8,-H(-)
834,429.1925590157657,3963.275589200906,C24H30O7,-H(-)
835,431.21891851052106,5231.3323871773355,C21H37O7P,-H(-)
836,431.31665788441654,5557.917360090058,C27H44O4,-H(-)
837,433.1147866413983,2023.5406325959095,C21H22O10,-H(-)
838,433.2341315150652,6521.342106394573,C21H39O7P,-H(-)
839,433.25808650971555,2269.7092532963593,C25H38O6,-H(-)
840,433.31113503402173,2042.026340664509,C30H42O2,-H(-)
841,433.33308203222884,6246.106310143207,C27H46O4,-H(-)
842,435.1821800367712,1699.331953950507,C26H28O6,-H(-)
843,435.2759816415991,2367.3763261134086,C25H40O6,-H(-)
844,435.3477356905583,2840.325984842358,C27H48O4,-H(-)
845,435.42094364433933,540.9493732648122,C29H56O2,-H(-)
846,437.1984128182139,1716.4464304790615,C26H30O6,-H(-)
847,439.1767226381594,2394.377401728544,C25H28O7,-H(-)
848,441.1408022376466,1979.2124442752834,C20H26O11,-H(-)
849,441.35722564584285,1244.4016591403204,C26H50O5,-H(-)
850,443.1143794965931,1481.7104108516612,C26H20O7,-H(-)
851,443.17169121341,7479.273314791025,C24H28O8,-H(-)
852,443.1933897909871,3218.2587469512537,C22H28N4O6,-H(-)
853,443.3157252961541,3931.043735572811,C28H44O4,-H(-)
854,445.0522815339966,1420.923581798094,C11H20N4O11P2,-H(-)
855,445.29625787698365,2766.648215950072,C27H42O5,-H(-)
856,445.3321627862959,20434.598231923163,C28H46O4,-H(-)
857,446.08632138948417,888.6910976712741,C21H19O11,-H(-)
858,447.03708223560324,1441.7875852658829,C20H16O10S,-H(-)
859,447.112694255848,1953.2152607076393,C18H24O13,-H(-)
860,447.3468285475206,9791.317005042407,C28H48O4,-H(-)
861,449.1090549599216,1627.0730297457008,C21H22O11,-H(-)
862,449.17457110801337,5159.025412618884,C24H31ClO6,-H(-)
863,449.3630406338514,5601.050013386667,C28H50O4,-H(-)
864,449.43748725925303,534.0644692521714,C30H58O2,-H(-)
865,451.3417272843731,2052.2901745794693,C27H48O5,-H(-)
866,452.27894409798006,8508.055046635995,C21H44NO7P,-H(-)
867,453.1333104430909,1379.8888961647865,C28H22O6,-H(-)
868,453.2625760271052,3192.144351360862,C28H38O5,-H(-)
869,455.3534164623349,1437.0473609650676,C30H48O3,-H(-)
870,455.4114755600844,1413.79875829078,C28H56O4,-H(-)
871,456.14965118710643,1334.4233472229623,C20H27NO11,-H(-)
872,461.18274355108775,1988.2123443789555,C24H30O9,-H(-)
873,461.3258066503027,4897.216453081947,C28H46O5,-H(-)
874,465.1392690979826,15168.533217956841,C22H26O11,-H(-)
875,465.25133620475145,4287.4712492071985,C25H38O8,-H(-)
876,471.1485619566261,1517.323038890751,C21H28O12,-H(-)
877,471.34770551194174,3780.0862025757,C30H48O4,-H(-)
878,473.1101836555794,1546.3834454234263,C23H22O11,-H(-)
879,474.2869815290916,36269.750643168336,C27H41NO6,-H(-)
880,477.10489081701917,1222.347624685753,C22H22O12,-H(-)
881,479.33654596873794,3428.133928354399,C28H48O6,-H(-)
882,489.2139192532596,2316.0762255706113,C26H34O9,-H(-)
883,489.23053870658583,2110.2772487313546,C30H34O6,-H(-)
884,489.35836562696,5922.414214851861,C30H50O5,-H(-)
885,491.11974560557104,953.4880782198039,C23H24O12,-H(-)
886,497.3843730434604,1388.919026461938,C29H54O6,-H(-)
887,499.1298237514487,2135.1760114538138,C22H28O11S,-H(-)
888,499.1609539785278,1348.7593799611043,C26H28O10,-H(-)
889,500.27899159860567,9557.479427487066,C25H44NO7P,-H(-)
890,501.1271357570549,1480.951343768337,C21H26O14,-H(-)
891,504.3102649306171,38625.601910855745,C25H48NO7P,-H(-)
892,505.0430539568308,1165.738625456798,C19H18N6O5S3,-H(-)
893,505.1345821178856,1877.59599745215,C24H26O12,-H(-)
894,505.17363490279087,1646.7396110748775,C25H30O11,-H(-)
895,505.27463935853854,2691.9093462543556,C27H42N2O5S,-H(-)
896,505.3547698214219,3444.4431719259105,C30H50O6,-H(-)
897,505.9886911522597,1111.9483443386393,C10H16N5O13P3,-H(-)
898,506.32569804184766,30755.49752370313,C25H50NO7P,-H(-)
899,507.0626334962302,1095.1026252762083,C22H20O12S,-H(-)
900,507.1165865070159,1332.0992355427868,C23H25ClN2O9,-H(-)
901,507.2428575174052,1916.7422387702932,C28H36N4O3S,-H(-)
902,507.36977198129057,4199.205003740064,C30H52O6,-H(-)
903,507.44039065336005,1334.8783301403826,C32H60O4,-H(-)
904,507.4790959402989,766.8669074614018,C33H64O3,-H(-)
905,508.1673201236563,1375.9320310924336,C20H31NO14,-H(-)
906,508.34150094545896,43066.63553324002,C25H52NO7P,-H(-)
907,509.12818043522077,1167.9482348474155,C23H26O13,-H(-)
908,509.32796034616365,5199.872298027457,C32H46O5,-H(-)
909,510.25332533420783,2874.9832337706102,C26H41NO7S,-H(-)
910,511.1963717888948,1571.3240552288614,C28H32O9,-H(-)
911,511.30889019036096,2153.440936708615,C31H44O6,-H(-)
912,512.1971535949568,1358.527096633694,C20H35NO14,-H(-)
913,512.2690285057574,2394.0802425905617,C26H43NO7S,-H(-)
914,513.212767697803,2199.2460041392465,C28H34O9,-H(-)
915,513.2490561520168,1635.2341629862083,C29H38O8,-H(-)
916,514.2123603196609,1295.8360645292596,C20H37NO14,-H(-)
917,515.0818507457877,1877.1784297418913,C24H20O13,-H(-)
918,515.1204733724103,1344.783856648128,C25H24O12,-H(-)
919,515.3009692899366,2631.7901285620437,C30H44O7,-H(-)
920,517.1703052194823,1195.8181592557112,C26H30O11,-H(-)
921,517.20977989528,1801.5426968682145,C28H30N4O6,-H(-)
922,517.2223777116839,1649.3540789024587,C31H34O7,-H(-)
923,517.3898314251611,9574.141327153646,C32H54O5,-H(-)
924,519.3676169567607,1879.842546717921,C31H52O6,-H(-)
925,520.2694459848412,1280.659392098193,C24H44NO9P,-H(-)
926,521.269159372309,1539.7845812998912,C27H42N2O6S,-H(-)
927,521.4947792792058,633.9401229296768,C34H66O3,-H(-)
928,522.3569397085398,1570.621966650227,C26H54NO7P,-H(-)
929,522.9502057391064,2425.8923442807313,C10H15N4O13P3S,-H(-)
930,523.1808511357401,1482.8983525197775,C25H32O12,-H(-)
931,523.2167504680201,2115.7422219407126,C26H36O11,-H(-)
932,523.3633620289596,1821.1296018452813,C26H55NO7P,-H(-)
933,523.5097697108467,475.8931950346306,C34H68O3,-H(-)
934,523.9555215848272,2325.5726949549353,C10H15ClN5O12P3,-H(-)
935,524.2789326544478,4778.244841838173,C27H44NO7P,-H(-)
936,525.2806891268158,3028.9902004459004,C24H40N5O8,-H(-)
937,525.3568649822694,1134.3331951563066,C33H50O5,-H(-)
938,525.4525605014418,1109.1057448788138,C32H62O5,-H(-)
939,526.2008082086936,948.47031900245,C27H33N3O6S,-H(-)
940,526.2188817018842,1133.3864264221481,C27H33N3O8,-H(-)
941,526.2932523109239,3687.7845958728276,C27H46NO7P,-H(-)
942,527.1935599934295,1301.0914674460623,C28H32O10,-H(-)
943,528.3099179377156,11357.544511779171,C27H48NO7P,-H(-)
944,529.13613053868,1125.296866922985,C26H26O12,-H(-)
945,529.4634023617291,230348.91328301883,C35H62O3,-H(-)
946,530.0567977805881,1751.1216265659723,C23H17NO14,-H(-)
947,530.1974809569535,2132.9138063587116,C26H33N3O7S,-H(-)
948,535.1617145274356,1339.1705053515163,C29H28O10,-H(-)
949,535.1756536394994,1475.146360120032,C33H28O7,-H(-)
950,535.2193095827366,1898.5737365554346,C27H36O11,-H(-)
951,535.3425000008887,27072.91855920412,C27H53O8P,-H(-)
952,536.5055276605375,2335.9321816193687,C34H67NO3,-H(-)
953,537.1616130287368,1146.9463971619227,C25H30O13,-H(-)
954,537.4896985553523,2411.361383716742,C34H66O4,-H(-)
955,539.4306043549793,8653.33533770808,C32H60O6,-H(-)
956,540.3080919267636,1801.32633693034,C28H48NO7P,-H(-)
957,541.2455652099375,1868.29534906354,C30H38O9,-H(-)
958,541.2658149873466,3195.311207427066,C27H42O11,-H(-)
959,543.2543635234002,1533.4682089314365,C25H40N2O11,-H(-)
960,543.3323928583561,1985.0077239396003,C28H51NO7P; C32H48O7,-H(-); -H(-)
961,544.2922491929099,2311.2935963483615,C31H39N5O4,-H(-)
962,545.3467893245493,1517.6866645776227,C32H50O7,-H(-)
963,545.3881993338437,1509.1311986724454,C34H50N4O2,-H(-)
964,545.4574621803889,11986.55546937591,C35H62O4,-H(-)
965,546.052332318304,6448.058569419012,C23H17NO15,-H(-)
966,547.4139834628407,1741.485606454791,C37H56O3,-H(-)
967,549.2707780047039,1421.8257618099929,C29H42O10,-H(-)
968,550.2453461317489,3151.1858081494947,C31H37NO8,-H(-)
969,551.3581450956807,1368.602597288551,C31H52O8,-H(-)
970,551.4680816706132,4687.081612002307,C34H64O5,-H(-)
971,552.3100706127514,3178.8305944858175,C29H48NO7P,-H(-)
972,553.4828169845728,1373.9108805472983,C34H66O5,-H(-)
973,557.2769113880912,2369.334128978145,C31H42O9,-H(-)
974,559.2343942288345,2084.2736896579863,C33H36O8,-H(-)
975,561.1244952240695,1635.4603044027253,C26H26O14,-H(-)
976,561.1758142029338,1508.9454576079947,C31H30O10,-H(-)
977,562.2502065690032,1750.7612295927315,C26H45NO8S2,-H(-)
978,563.4685919880379,4049.1877267980644,C35H64O5,-H(-)
979,564.245966551226,2377.6079526258136,C29H35N5O7,-H(-)
980,565.2900391257535,2258.0099617878286,C28H38N8O5,-H(-)
981,565.4088457698994,2323.807557227555,C33H58O7,-H(-)
982,565.5208640643641,1986.4589219297636,C36H70O4,-H(-)
983,567.2431467369746,1778.409920792764,C28H40O12,-H(-)
984,567.462835198964,6913.574317065195,C34H64O6,-H(-)
985,568.2819720627434,1794.4950953332643,C22H43N5O12,-H(-)
986,568.9897265562669,1109.4581356607068,C21H14O17S,-H(-)
987,569.1858060909541,1056.950482127684,C30H34O9S,-H(-)
988,569.2734391965353,1759.3705272468997,C32H42O9,-H(-)
989,571.4002574525778,1332.0822411654046,C35H56O6,-H(-)
990,573.4529564536341,35224.101026561366,C36H62O5,-H(-)
991,575.4682559256363,35334.394858261025,C36H64O5,-H(-)
992,577.3728833730513,2480.8684448824365,C33H54O8,-H(-)
993,577.4837152973496,23423.107184519995,C36H66O5,-H(-)
994,579.2099420911643,1802.101317917016,C28H36O13,-H(-)
995,579.3056749775378,4241.754252970003,C29H40N8O5,-H(-)
996,579.4621142788667,1891.0037968789686,C35H64O6,-H(-)
997,583.2568123711438,14379.273531962153,C33H36N4O6,-H(-)
998,584.2735410438391,3236.524169295365,C29H39N5O8,-H(-)
999,585.3817556977881,2086.451799655829,C35H54O7,-H(-)
1000,585.4875703966443,3993.8154354377375,C38H66O4,-H(-)
1001,586.2218200369816,1414.7726514824633,C29H37N3O8S,-H(-)
1002,587.4669337216163,1685.9605187568563,C37H64O5,-H(-)
1003,588.1863653286547,1091.6449864692986,C24H35N3O12S,-H(-)
1004,591.1356944213848,3336.4668862994095,C27H28O15,-H(-)
1005,591.3918234182581,4216.402569573393,C34H56O8,-H(-)
1006,591.5252007106338,1310.4562489554705,C40H68N2O,-H(-)
1007,593.1308862990379,3123.9607678351636,C30H26O13,-H(-)
1008,594.2395230860793,1373.3345327381683,C26H45NO10S2,-H(-)
1009,595.1677972115219,1426.6859735743374,C27H32O15,-H(-)
1010,595.4946038757197,66705.24386507916,C36H68O6,-H(-)
1011,601.3376466266897,3535.4449345846633,C34H50O9,-H(-)
1012,603.4280179605887,1825.4998389962739,C36H60O7,-H(-)
1013,605.150282624214,1100.389117313765,C28H30O15,-H(-)
1014,605.2387336479867,3004.0905913090314,C35H34N4O6,-H(-)
1015,607.1101327554248,2598.7078926393633,C30H24O14,-H(-)
1016,607.2673675512224,1336.9719134250945,C33H40N2O9,-H(-)
1017,611.1245314975495,1143.8526023256209,C20H29N4O16P; C26H28O17,-H(-); -H(-)
1018,611.1445357384126,1134.5914984461438,C20H32N6O12S2,-H(-)
1019,612.2237664830034,1382.4477938128202,C35H35NO9,-H(-)
1020,616.4702701155711,4347.276080211924,C34H68NO6P,-H(-)
1021,619.2899366022338,6010.81437805586,C29H49O12P,-H(-)
1022,619.5482289534264,1966.538913724428,C43H72O2,-H(-)
1023,620.1179905629155,931.1043247578464,C26H27N3O13S,-H(-)
1024,621.5474129485692,1544.4159897503105,C39H74O5,-H(-)
1025,622.2814256841862,1980.8927088271716,C30H45N3O9S,-H(-)
1026,623.3135063297444,3284.160050999187,C38H44N2O6,-H(-)
1027,623.3911015671667,1019.215087271787,C31H61O10P,-H(-)
1028,624.1319854882337,975.7977403863173,C27H29O17,-H(-)
1029,626.3081389333782,1716.153641970099,C34H41N7O5,-H(-)
1030,627.1567921866268,1429.761790762193,C27H32O17,-H(-)
1031,629.3701815346617,1533.9643766817887,C36H54O9,-H(-)
1032,633.28219563665,1464.1251881340038,C35H42N2O9,-H(-)
1033,633.3998837199654,1970.9574422865642,C36H58O9,-H(-)
1034,634.1324728319785,1115.0939587861944,C27H29N3O13S,-H(-)
1035,637.1411533569828,1236.7312869772102,C28H30O17,-H(-)
1036,639.1755426240617,4219.0520607942835,C22H36N6O12S2,-H(-)
1037,639.4408114127347,1526.2351481919775,C43H60O4,-H(-)
1038,641.1588272463795,1815.5263087075177,C24H34O20,-H(-)
1039,642.9633201599314,1178.016698279854,C12H24O22P4,-H(-)
1040,643.3844310985173,1234.214127435542,C37H56O9,-H(-)
1041,646.3624791384339,1796.1338937650596,C36H49N5O6,-H(-)
1042,647.577150228421,1715.9921434073217,C45H76O2,-H(-)
1043,648.6293843083337,4208.839917236217,C42H83NO3,-H(-)
1044,651.1560513510142,1300.9731856855462,C29H32O17,-H(-)
1045,651.2653792351394,1169.9373367052451,C32H44O14,-H(-)
1046,658.4470842758798,1382.4867173779935,C35H66NO8P,-H(-)
1047,659.5766255821179,3095.1803592564256,C46H76O2,-H(-)
1048,661.3597164369934,1557.1193840812691,C36H54O11,-H(-)
1049,661.5186188802866,3581.253491459148,C37H75O7P,-H(-)
1050,664.2967186166882,6246.975420486054,C33H47NO13,-H(-)
1051,665.2169688347633,1503.4202362308586,C24H42O21,-H(-)
1052,665.2599634258675,1275.066533345446,C36H42O12,-H(-)
1053,665.4375875427528,1393.1950919821952,C34H64NO8P; C34H67O10P,.F(-) [+1]; -H(-)
1054,665.6084098767718,1947.3127955315272,C42H82O5,-H(-)
1055,667.433494755467,1381.3951532450328,C37H65O8P,-H(-)
1056,669.1260004266505,1442.7489264386145,C35H26O14,-H(-)
1057,673.5274851814982,3921.0393453882325,C37H75N2O6P,-H(-)
1058,673.5914924332803,2720.6217018354278,C47H78O2,-H(-)
1059,674.514085826836,3637.211937632311,C37H74NO7P,-H(-)
1060,675.542989302582,1776.9841072743316,C37H77N2O6P,-H(-)
1061,677.4248252487395,1622.5979793743336,C33H62N2O12,-H(-)
1062,679.2914472063097,1392.7187781698062,C33H48N2O11S,-H(-)
1063,679.5296385839217,2003.7992676387616,C44H72O5,-H(-)
1064,688.4932530175086,3790.846542125217,C37H72NO8P,-H(-)
1065,691.3185494729844,1444.6714717219115,C32H52O16,-H(-)
1066,691.3625512937183,1152.5731111376404,C29H48N12O8,-H(-)
1067,694.4801900171947,2449.6284964092893,C39H70NO7P,-H(-)
1068,695.4663845090023,2790.721540316228,C39H69O8P,-H(-)
1069,698.4751564877249,4665.390555494864,C38H70NO8P,-H(-)
1070,698.5107403456387,7894.610690230403,C39H74NO7P,-H(-)
1071,699.4959403866379,7211.014739913307,C39H73O8P,-H(-)
1072,699.5919167433334,3025.8442563494546,C45H80O5,-H(-)
1073,700.5271338265219,5651.157429995644,C39H76NO7P,-H(-)
1074,701.5608074276948,4016.2730431271066,C39H79N2O6P,-H(-)
1075,703.3335303065918,1083.495629046746,C37H52O13,-H(-)
1076,704.5241488986537,3385.0783434223094,C38H76NO8P,-H(-)
1077,704.5814990509783,2717.3671956386615,C39H82N2O6P,-H(-)
1078,705.181011241534,2201.975620606538,C36H34O15,-H(-)
1079,705.3111531924841,1222.8342111409977,C36H50O14,-H(-)
1080,707.1989065076957,1627.8549285462047,C36H36O15,-H(-)
1081,712.5357569629953,3476.2674174709277,C40H75NO9,-H(-)
1082,714.5089200292298,11284.809764191035,C39H74NO8P,-H(-)
1083,714.5694913955606,11694.764168193942,C40H80N2O6P,-H(-)
1084,715.3667834739865,1125.8340146999408,C35H52N6O10,-H(-)
1085,715.4342780930776,1136.7637222758124,C41H65O8P,-H(-)
1086,716.5232915311368,12914.102358807484,C39H76NO8P,-H(-)
1087,718.5387731654668,6345.491301075846,C39H78NO8P,-H(-)
1088,719.4846805215539,2677.7528933571252,C38H70NO8P; C38H73O10P,.F(-) [+1]; -H(-)
1089,720.4954348663991,4619.029385830199,C41H72NO7P,-H(-)
1090,722.2994381943785,1553.977819156885,C27H49N9O10S2,-H(-)
1091,722.5134799196097,23841.453481799257,C41H74NO7P,-H(-)
1092,723.1733262264719,1634.5317938496141,C39H32O14,-H(-)
1093,723.3981931274957,1401.7378825954663,C38H60O13,-H(-)
1094,725.1926630243134,1528.6198360547758,C32H38O19,-H(-)
1095,726.5444121042274,21680.118736341843,C41H78NO7P,-H(-)
1096,730.4457307414086,1090.6737557866288,C41H66NO8P,-H(-)
1097,730.5416659124584,9869.737970557175,C40H78NO8P,-H(-)
1098,735.4698845760608,2614.5765028457217,C41H68O11,-H(-)
1099,736.4963628952395,3616.721768739312,C37H67N7O8,-H(-)
1100,736.5266953034168,12270.160960011686,C42H76NO7P,-H(-)
1101,739.1670002032085,1580.912551335062,C39H32O15,-H(-)
1102,742.5399013228922,176329.9962604942,C41H78NO8P,-H(-)
1103,745.5047393720421,4904.627944906949,C40H75O10P,-H(-)
1104,746.5129055459395,19923.565354579627,C43H74NO7P,-H(-)
1105,748.5282101956511,34220.82058333057,C43H76NO7P,-H(-)
1106,750.5446124741306,49288.2384840444,C43H78NO7P,-H(-)
1107,752.5953727245285,6336.795602081077,C44H84NO6P,-H(-)
1108,753.0585370146377,1274.2907630633904,C33H22O21,-H(-)
1109,753.6403453443444,216957.61761168324,C49H86O5,-H(-)
1110,755.6554437978753,80339.37642621317,C49H88O5,-H(-)
1111,756.5560965485706,9731.531398969897,C42H80NO8P,-H(-)
1112,762.5449676845906,6156.619558733281,C44H78NO7P,-H(-)
1113,763.147879672839,2710.9379585476395,C37H36N2O10S3,-H(-)
1114,763.4257343059094,1494.9646955158914,C41H64O13,-H(-)
1115,764.5223842876738,18362.495978639003,C43H76NO8P,-H(-)
1116,765.4786100527008,3333.88591036117,C42H70O12,-H(-)
1117,766.5391304115255,94893.22706146039,C43H78NO8P,-H(-)
1118,767.6200864893948,7161.852598479471,C49H84O6,-H(-)
1119,774.5449971629016,20677.439033050778,C45H78NO7P,-H(-)
1120,775.5489144892789,10768.22673070534,C42H81O10P,-H(-)
1121,777.5649150000662,83678.67181626824,C42H83O10P,-H(-)
1122,778.4662251038213,5986.059509742039,C42H70NO10P,-H(-)
1123,778.5757894609518,91826.48757220458,C45H82NO7P,-H(-)
1124,779.6007557188376,12962.953117756466,C53H80O4,-H(-)
1125,781.6374573785205,4219.157438050202,C50H86O6,-H(-)
1126,783.6361855242665,10433.821918901062,C45H89N2O6P,-H(-)
1127,784.646432034843,15209.125755906192,C45H90N2O6P,-H(-)
1128,786.5291800424309,6188.956384083378,C42H78NO10P,-H(-)
1129,788.458713763225,2653.4357940028153,C43H67NO12,-H(-)
1130,788.5217245950771,5883.384936125149,C45H76NO8P,-H(-)
1131,791.4648227230578,3138.2260638766343,C47H69O8P,-H(-)
1132,791.5823348306624,10856.00467117142,C43H85O10P,-H(-)
1133,798.6017760045038,69445.94220170566,C45H86NO8P,-H(-)
1134,799.4533266162488,3682.7919661909436,C38H74O13P2,-H(-)
1135,802.4673605053245,4283.662574807974,C44H70NO10P,-H(-)
1136,802.6311042997795,7097.520001587272,C45H90NO8P,-H(-)
1137,807.5019571789702,5065.79984574917,C41H77O13P,-H(-)
1138,809.4315809524476,1850.300058168133,C42H66O15,-H(-)
1139,811.6467841023227,4158.325603382532,C51H88O7,-H(-)
1140,812.4437945985783,1952.4714904602806,C41H67NO15,-H(-)
1141,813.4646563757757,2056.11091994322,C42H70O15,-H(-)
1142,814.5606932946417,7197.786871023862,C44H82NO10P,-H(-)
1143,816.5742989142636,39592.5077701686,C44H84NO10P,-H(-)
1144,820.5857017984413,137268.85090087517,C47H84NO8P,-H(-)
1145,822.454889644848,7605.63617854519,C43H70NO12P,-H(-)
1146,828.350541810814,1635.9156609592299,C37H59N5O12S2,-H(-)
1147,829.577026461008,16526.397976703793,C49H83O8P,-H(-)
1148,833.2103841123899,1906.5757219892926,C45H38O16,-H(-)
1149,833.6839801546774,4711.603384866061,C58H90O3,-H(-)
1150,847.6624601465464,18513.983336251906,C58H88O4,-H(-)
1151,850.4870635579908,32294.087875192134,C45H74NO12P,-H(-)
1152,852.6845867105945,16599.241256270197,C50H96NO7P,-H(-)
1153,854.4982697527103,15286.974519216663,C48H74NO10P,-H(-)
1154,857.5179191288647,11560.245461241104,C45H79O13P,-H(-)
1155,865.5810816806953,14689.47903561761,C45H87O13P,-H(-)
1156,866.490945314909,4795.703651933082,C45H73NO15,-H(-)
1157,874.6552663919242,4835.426195913602,C48H94NO10P,-H(-)
1158,882.4299538782722,3039.9530112916273,C39H71N3O15P2,-H(-)
1159,889.5819224949184,12218.247614445567,C47H87O13P,-H(-)
1160,889.8243926797462,1984.1496899983135,C57H110O6,-H(-)
1161,897.5196585909365,4125.479081705077,C47H78O16,-H(-)
1162,898.5312256408622,8324.764255543769,C50H77NO13,-H(-)
1163,900.14339914128,1754.950604638003,C29H42N7O18P3S,-H(-)
1164,906.5509162248667,19493.40599796756,C49H82NO12P,-H(-)
1165,911.4996334780561,3092.4369262942114,C47H76O17,-H(-)
1166,912.1966356708382,2525.8913565781845,C42H41O23,-H(-)
1167,913.4446595621873,4232.281350668556,C45H70O19,-H(-)
1168,915.4593905763975,2882.852913505022,C45H72O19,-H(-)
1169,917.2345851037339,1352.1876407348943,C42H46O23,-H(-)
1170,920.5654465349184,4068.24116858082,C50H84NO12P,-H(-)
1171,924.1649436795266,1962.4599109920637,C28H46N7O20P3S,-H(-)
1172,925.4568073378164,2181.4981762857888,C50H70O16,-H(-)
1173,925.5149828994942,4777.1270326583335,C48H78O17,-H(-)
1174,935.3622479747191,2028.5902895523407,C45H61CoN6O12,-H(-)
1175,937.4659120380561,6632.587937078725,C44H74O21,-H(-)
1176,939.4245692666049,3540.384075014598,C46H68O20,-H(-)
1177,945.5122798542036,9390.294807631077,C44H84O17P2,-H(-)
1178,947.483299648978,3476.365736989997,C50H78O13P2,-H(-)
1179,949.7290675582838,1989.8750465813935,C63H98O6,-H(-)
1180,959.5220280432367,3437.708546294963,C48H80O19,-H(-)
1181,973.5439996200532,4679.768404354158,C46H88O17P2,-H(-)
1182,993.432379813944,3186.264446356565,C49H70O21,-H(-)
1183,994.5535489003362,3317.9322263779327,C47H87N3O15P2,-H(-)
